연번,부서,용도,관리번호,동명,도로명주소,지번주소,위도 ,경도,총 설치대수,화소(41만),화소(130만),화소(200만)
1,자치행정과,방범,방범-1,노량진2동,장승배기로23길 10,노량진2동 234-5 세봉빌라,37.510141,126.939452,3,,,3
2,자치행정과,방범,방범-2,노량진2동,노량진로8길 40 마당쇠숯불갈비,노량진2동 258-42 마당쇠숯불갈비,37.512401,126.937588,3,,,3
3,자치행정과,방범,방범-3,노량진2동,장승배기로18길 27,노량진2동 227-5 노량진맨션,37.507402,126.941599,3,,,3
4,자치행정과,방범,방범-4,노량진1동,만양로14다길 7,노량진1동 211-58 삼익아파트 뒤편,37.511299,126.94531,1,,,1
5,자치행정과,방범,방범-5,노량진2동,장승배기로22길 44,노량진1동 211-58 삼익아파트 뒤편,37.508595,126.941561,1,,,1
6,자치행정과,방범,방범-6,노량진2동,장승배기로19다길 24,노량진2동 302-27,37.509271,126.937572,1,,,1
7,자치행정과,방범,방범-7,노량진1동,장승배기로24가길 39,노량진1동 232-52,37.511253,126.942072,1,,,1
8,자치행정과,방범,방범-8,노량진1동,노량진로26길 65,노량진1동 485-2,37.5097,126.955522,1,,,1
9,자치행정과,방범,방범-9,노량진1동,노량진로18길 20,노량진1동 408-1,37.511993,126.95097,3,,,3
10,자치행정과,방범,방범-10,상도1동,상도로60길 35,상도1동 126-65 동녘빌라,37.492257,126.954596,3,,,3
11,자치행정과,방범,방범-11,상도1동,상도로67길 20,상도1동 504-13 할인마트,37.494556,126.956525,4,,,4
12,자치행정과,방범,방범-12,상도1동,상도로41가길 6,상도1동 465,37.502511,126.950148,4,,,4
13,자치행정과,방범,방범-13,상도1동,상도로 41길 50,상도1동 440,37.502509,126.95185,4,,,4
14,자치행정과,방범,방범-14,상도1동,상도로47다길 32,상도1동 319-1,37.501578,126.953161,4,,,4
15,자치행정과,방범,방범-15,상도1동,상도로56길 6,상도1동 473-7,37.496134,126.952592,4,,,4
16,자치행정과,방범,방범-16,상도2동,상도로15마길 22,상도2동 356-85 서진파크빌라,37.503376,126.933614,4,,,4
17,자치행정과,방범,방범-17,상도2동,상도로15아길 18,상도2동 361-52 에비앙 엘리지,37.504266,126.93464,3,,,3
18,자치행정과,방범,방범-18,상도2동,상도로26가길 8,상도2동 183-22 오륙도해물탕,37.503636,126.938269,3,,,3
19,자치행정과,방범,방범-19,상도2동,만양로1길 18,상도2동 22-43,37.506361,126.946482,3,,,3
20,자치행정과,방범,방범-20,대방동,대방동2길 38,대방동 375-16,37.502696,126.927738,3,,,3
21,자치행정과,방범,방범-21,상도3동,국사봉10길 20,상도3동 299-109 그린빌라,37.495284,126.93111,3,,,3
22,자치행정과,방범,방범-22,상도3동,성대로6가길 41,상도3동 256-219,37.496948,126.933476,4,,,4
23,자치행정과,방범,방범-23,상도3동,국사봉5길 1,상도3동 304-6,37.49776,126.930216,4,,,4
24,자치행정과,방범,방범-24,상도4동,성대로21가길 29,상도4동 244-47 한아름슈퍼,37.499267,126.935076,3,,,3
25,자치행정과,방범,방범-25,상도4동,성대로10길 55,상도4동 279-52 행복슈퍼,37.495933,126.93643,4,,,4
26,자치행정과,방범,방범-26,상도4동,성대로31길 33,상도4동 202-221,37.500228,126.938806,4,,,4
27,자치행정과,방범,방범-27,상도4동,양녕로28길 54,상도4동 211-132 구립우리어린이집,37.498074,126.946702,5,,,5
28,자치행정과,방범,방범-28,흑석동,서달로8가길2,흑석동 93-147,37.505868,126.961821,3,,,3
29,자치행정과,방범,방범-29,흑석동,서달로10길 64,흑석동 84-10,37.504228,126.962923,1,,,1
30,자치행정과,방범,방범-30,흑석동,흑석로3길 38-1,흑석동 200-12,37.508554,126.955996,3,,,3
31,자치행정과,방범,방범-31,흑석동,서달로6길 19,흑석동 79-24,37.503286,126.961867,3,,,3
32,자치행정과,방범,방범-32,대방동,대방동13길 18,대방동 391-269,37.50129,126.925405,4,,,4
33,자치행정과,방범,방범-33,대방동,대방동2길 22,대방동 393-24 대왕타운,37.501632,126.928497,2,,,2
34,자치행정과,방범,방범-34,대방동,등용로4길 43,대방동 13-4,37.50754,126.934881,4,,,4
35,자치행정과,방범,방범-35,대방동,여의대방로62길 14,대방동 101-5  주정차-24 같이,37.513961,126.927954,4,,,4
36,자치행정과,방범,방범-36,대방동,대방동 9길 14,대방동 391-249,37.502113,126.926474,3,,,3
37,자치행정과,방범,방범-37,대방동,여의대방로24라길 13,대방동 415-47,37.498486,126.92241,3,,,3
38,자치행정과,방범,방범-38,신대방1동,신대방2나길 1,신대방1동 621-1 경농상회 앞,37.489637,126.971126,3,,,3
39,자치행정과,방범,방범-39,신대방1동,신대방1길 72,신대방1동 696-4,37.485881,126.907861,3,,,3
40,자치행정과,방범,방범-40,신대방1동,신대방2길 14,신대방1동 631-38 문창초등학교 옆,37.488202,126.913845,3,,,3
41,자치행정과,방범,방범-41,신대방1동,신대방2길 14,신대방1동 459-5 문창초등학교 옆,37.489168,126.915635,2,,,2
42,자치행정과,방범,방범-42,신대방1동,신대방14길 15,신대방1동 600-57 천안슈퍼 부근,37.489686,126.91114,4,,,4
43,자치행정과,방범,방범-43,신대방1동,신대방14가길 47,신대방1동 632-58,37.489872,126.913336,3,,,3
44,자치행정과,방범,방범-44,신대방2동,여의대방로22카길 47,신대방2동 360-186 로얄빌라,37.496137,126.925826,3,,,3
45,자치행정과,방범,방범-45,신대방2동,국사봉2길 29,신대방동 339-21,37.497135,126.928482,3,,,3
46,자치행정과,방범,방범-46,신대방2동,보라매로9길 12,신대방2동 344-88,37.495,126.926443,4,,,4
47,자치행정과,방범,방범-47,신대방2동,여의대방로22라길 23,신대방2동 366-131,37.495315,126.923357,5,,,5
48,자치행정과,방범,방범-48,사당2동,동작대로29가길 18,사당2동 89-52,37.488725,126.981507,3,,,3
49,자치행정과,방범,방범-49,사당2동,동작대로 43길 35 ,사당2동 102-7 청남빌라,37.49718,126.98061,4,,,4
50,자치행정과,방범,방범-50,사당2동,동작대로35가길 56,사당2동 68-18 현대슈퍼 앞,37.491329,126.978754,3,,,3
51,자치행정과,방범,방범-51,사당2동,동작대로27길 38,사당2동 129-11,37.487471,126.979921,4,,,4
52,자치행정과,방범,방범-52,사당2동,동작대로29길 63-1,사당2동 127-40,37.488666,126.978653,3,,,3
53,자치행정과,방범,방범-53,사당1동,남부순환로257가길 32,사당1동 419-24 서안주택,37.4788,126.975572,1,,,1
54,자치행정과,방범,방범-54,사당1동,남부순환로259길 10,사당1동 1050-2 홈플러스 앞,37.476405,126.972527,3,,,3
55,자치행정과,방범,방범-55,사당1동,사당로20길 63,사당1동 431-4,37.480336,126.975619,1,,,1
56,자치행정과,방범,방범-56,사당1동,남부순환로265길 21,사당1동 1048-19,37.47717,126.974711,4,,,4
57,자치행정과,방범,방범-57,사당3동,사당로29길 26,사당3동 141-97 보람아트빌,37.485536,126.97826,3,,,3
58,자치행정과,방범,방범-58,사당2동,동작대로35길 43,사당2동 69-13,37.491442,126.98031,1,,,1
59,자치행정과,방범,방범-59,사당3동,사당로27길 12,사당3동 141-160,37.484973,126.978914,5,,,5
60,자치행정과,방범,방범-60,사당3동,사당로9나길7,사당3동 220-38,37.486125,126.970305,4,,,4
61,자치행정과,방범,방범-61,사당5동,솔밭로 74-1,사당5동 235-61 구립우리어린이집,37.483101,126.967271,3,,,3
62,자치행정과,방범,방범-62,사당5동,사당로2자길 2-15,사당5동 188-12,37.489331,126.964628,4,,,4
63,자치행정과,방범,방범-63,사당5동,사당로2차길 36,사당5동 206-16,37.487015,126.965974,5,,,5
64,자치행정과,방범,방범-64,사당4동,사당로14길 38,사당4동 278-50 세븐일레븐,37.482635,126.971011,3,,,3
65,자치행정과,방범,방범-65,사당4동,사당로16길 14,사당4동 266-2,37.482728,126.97348,3,,,3
66,자치행정과,방범,방범-66,사당4동,남부순환로255라길 4,사당4동 303-27,37.477351,126.970335,4,,,4
67,자치행정과,방범,방범-67,사당4동,사당로20다길 15,사당4동 316-32,37.480667,126.973501,4,,,4
68,자치행정과,방범,방범-68,노량진1동,노량진로14길 29,노량진1동 83-7 은하맨션 앞,37.512362,126.942534,4,,,4
69,자치행정과,방범,방범-69,노량진1동,노량진로30길 55,노량진1동 43-4 본동종합사회복지관 인근,37.510953,126.956854,4,,,4
70,자치행정과,방범,방범-70,상도1동,상도로47길 8,상도1동 464-33 장안마트 앞,37.499693,126.95137,4,,,4
71,자치행정과,방범,방범-71,상도1동,매봉로 37,상도1동 512 예담어린이집 앞,37.506506,126.950991,4,,,4
72,자치행정과,방범,방범-72,상도3동,상도로 119 ,상도3동 352-1 앞,37.501462,126.933041,4,,,4
73,자치행정과,방범,방범-73,상도4동,양녕로28길 8,상도4동 211-207 에덴빌라 앞,37.498969,126.94462,3,,,3
74,자치행정과,방범,방범-74,상도4동,성대로17길 78,상도동 244-52,37.500512,126.934254,4,,,4
75,자치행정과,방범,방범-75,흑석동,현충로22길 52,흑석동 276-12 명성슈퍼 앞,37.504835,126.971261,4,,,4
76,자치행정과,방범,방범-76,흑석동,서달로14길 11,흑석동 6-21,37.508022,126.96365,3,,,3
77,자치행정과,방범,방범-77,사당2동,동작대로35길 71,사당2동 67-8,37.492523,126.979115,4,,,4
78,자치행정과,방범,방범-78,사당3동,사당로27길 86,사당3동 162-83,37.486923,126.975568,1,,,1
79,자치행정과,방범,방범-79,사당3동,사당로13길 50,사당3동 1131-12 구립청소년독서실 뒤,37.48628,126.971528,4,,,4
80,자치행정과,방범,방범-80,사당4동,사당로20사길 29,사당4동 316-260 남성중학교 뒤,37.47911,126.972556,3,,,3
81,자치행정과,방범,방범-81,사당5동,사당로2아길 2,사당5동 188-1,37.490168,126.964579,3,,,3
82,자치행정과,방범,방범-82,사당5동,사당로 170,사당동 213-9,37.486624,126.967617,1,1,,
83,자치행정과,방범,방범-83,대방동,대방동길 30,대방동 392-1 성은교회 앞,37.502094,126.927893,4,,,4
84,자치행정과,방범,방범-84,대방동,등용로8가길 2,대방동 13-13 미래하이츠빌 앞,37.50689,126.933515,3,,,3
85,자치행정과,방범,방범-85,신대방1동,신대방1길 126,신대방1동 698-5 중외제약 앞 골목길,37.485264,126.904984,3,,,3
86,자치행정과,방범,방범-86,신대방2동,보라매로7가길 14,신대방2동 344-150 홍현아파트 뒤,37.4939,126.925753,4,,,4
87,자치행정과,방범,방범-87,신대방2동,국사봉2나길 19,신대방2동 348-79,37.496934,126.929566,1,1,,
88,자치행정과,방범,방범-88,신대방1동,여의대방로10길 100,신대방1동 717 신동아 파밀리에아파트 진입로,37.492062,126.914575,1,1,,
89,자치행정과,방범,방범-89,신대방1동,신대방2길 1,신대방1동 618-17 수연약국 앞,37.487677,126.912608,4,,,4
90,자치행정과,방범,방범-90,신대방2동,보라매로11길 14,신대방2동 366-40 천주교 신대방동교회 내,37.495509,126.926304,1,1,,
91,자치행정과,방범,방범-91,상도1동,상도로 38길 52,상도1동 159-48,37.500997,126.948616,1,1,,
92,자치행정과,방범,방범-92,상도3동,국사봉16길 4,상도3동 299-156 옆,37.494577,126.932779,1,1,,
93,자치행정과,방범,방범-93,상도4동,상도4동 279-477 주변,산65 재개발구역,37.496504,126.938819,1,1,,
94,자치행정과,방범,방범-94,상도4동,양녕로22바길 66,상도4동 211-80,37.49773,126.947165,3,,,3
95,자치행정과,방범,방범-95,흑석동,서달로6길 93,흑석동 76-80 도림사 입구 맞은편,37.500251,126.962356,1,1,,
96,자치행정과,방범,방범-96,대방동,등용로10나길 13,대방동 44-311,37.509785,126.934401,3,,,3
97,자치행정과,방범,방범-97,사당5동,사당로2다길 84,사당5동 190-190,37.489607,126.962954,3,,,3
98,자치행정과,방범,방범-98,노량진1동,노량진로26길 31,노량진1동 49,37.511247,126.954867,4,,,4
99,자치행정과,방범,방범-99,흑석동,흑석로5길 1-2,흑석동 204-171,37.50678,126.957067,4,4,,
100,자치행정과,방범,방범-100,상도1동,상도로47길 39,상도1동 338,37.501089,126.952186,4,4,,
101,자치행정과,방범,방범-101,상도2동,상도로34다길 26,상도2동 159-161,37.502801,126.945828,4,4,,
102,자치행정과,방범,방범-102,상도2동,성대로37길 44,상도2동 201-23,37.500733,126.938986,4,,,4
103,자치행정과,방범,방범-103,상도3동,국사봉8길 77,상도3동 301-40,37.493446,126.931367,4,,,4
104,자치행정과,방범,방범-104,상도3동,국사봉6길 39,상도3동 299-202,37.495792,126.929981,4,,,4
105,자치행정과,방범,방범-105,상도4동,양녕로25가길 24,상도4동 210-244 ,37.499117,126.942447,4,,,4
106,자치행정과,방범,방범-106,사당3동,사당로23길 170,사당3동 173-26,37.489549,126.971344,4,,,4
107,자치행정과,방범,방범-107,사당2동,동작대로35길 120,사당2동 56-27,37.492633,126.976701,4,,,4
103,자치행정과,방범,방범-108,사당2동,동작대로33길 23,사당2동 77-63,37.49055,126.98104,4,,,4
109,자치행정과,방범,방범-109,사당1동,동작대로7길 80,사당1동 1038-25,37.477791,126.978261,4,,,4
110,자치행정과,방범,방범-110,사당4동,사당로16라길 27,사당4동 278-109,37.482028,126.969648,5,,,5
111,자치행정과,방범,방범-111,사당5동,사당로8길 24,사당5동 231-16,37.484122,126.968809,5,,,5
112,자치행정과,방범,방범-112,사당4동,사당로20길 20,사당4동 321-109,37.482189,126.975594,3,,,3
113,자치행정과,방범,방범-113,사당1동,남부순환로271길 14,사당1동 1041-11 사당노인종합복지관 주변,37.47732,126.980062,4,,,4
114,자치행정과,방범,방범-114,신대방1동,신대방16길 10,신대방1동 602-10,37.490057,126.909711,4,,,4
115,자치행정과,방범,방범-115,신대방2동,여의대방로22자길 1,신대방2동 360-24,37.496973,126.924359,4,4,,
116,자치행정과,방범,방범-116,노량진2동,장승배기로20길 4,노량진2동 229-135 이용국내과입구,37.508377,126.940412,4,,,4
117,자치행정과,방범,방범-117,노량진2동,장승배기로19길 42 ,노량진2동 302-173,37.50806,126.93763,4,,,4
118,자치행정과,방범,방범-118,흑석동,장승배기로19길 42 ,노량진2동 302-173,37.508992,126.960979,4,,,4
119,자치행정과,방범,방범-119,사당2동,동작대로25길 48,사당2동 708-490,37.485208,126.979901,3,,,3
120,자치행정과,방범,방범-120,사당1동,남부순환로267나길 14,사당1동 419-148,37.47837,126.977286,1,1,,
121,자치행정과,방범,방범-121,사당4동,사당로16자길 27,사당동 300-59,37.4799,126.97026,3,,,3
122,자치행정과,방범,방범-122,상도1동,상도로60가길 13,상도1동 126-51,37.493465,126.954259,1,1,,
123,자치행정과,방범,방범-123,상도4동,양녕로25마길 20,상도4동 210-166,37.498074,126.941218,5,,,5
124,자치행정과,방범,방범-124,신대방1동,신대방길 19,신대방1동 691-36,37.487844,126.91161,4,,,4
125,자치행정과,방범,방범-125,노량진2동,노량진로6라길 1,노량진2동 294-35,37.508871,126.936006,1,1,,
126,자치행정과,방범,방범-126,노량진1동,노량진로32길 53,노량진1동 8-171 용봉정근린공원 입구,37.511584,126.957506,4,,,4
127,자치행정과,방범,방범-127,노량진2동,장승배기로19길 12,노량진2동 306-5,37.508094,126.939253,5,,,5
128,자치행정과,방범,방범-128,상도1동,상도로38길 12,상도1동 728,37.502087,126.94754,4,,,4
129,자치행정과,방범,방범-129,상도2동,장승배기로9나길 32-1,상도2동 200-83,37.501368,126.938624,3,2,1,
130,자치행정과,방범,방범-130,상도3동,국사봉8길 70,상도3동 302-2,37.493876,126.931079,4,3,1,
131,자치행정과,방범,방범-131,상도4동,양녕로20길 65,상도4동 214-228,37.495272,126.94413,4,,,4
132,자치행정과,방범,방범-132,흑석동,흑석로9길 24,흑석동 194-58,37.507815,126.958876,4,,,4
133,자치행정과,방범,방범-133,사당1동,남부순환로257가길 1,사당1동 446-5,37.477385,126.972679,3,2,1,
134,자치행정과,방범,방범-134,사당2동,동작대로43길 1,사당2동 102-31,37.496431,126.982458,4,3,,1
135,자치행정과,방범,방범-135,사당3동,사당로9라길 25,사당3동 220-67,37.487183,126.970132,4,3,,1
136,자치행정과,방범,방범-136,사당4동,사당로16사길 59,사당4동 300-32,37.479738,126.96939,3,2,1,
137,자치행정과,방범,방범-137,사당5동,사당로2차길 2,사당5동 202-28,37.487723,126.964627,4,3,,1
138,자치행정과,방범,방범-138,대방동,상도로 43-1,대방동 396-1,37.500313,126.925295,4,,,4
139,자치행정과,방범,방범-139,신대방1동,신대방4길 17,신대방1동 618-33,37.488631,126.911938,3,2,1,
140,자치행정과,방범,방범-140,신대방2동,여의대방로22마길 37,신대방2동 364-170,37.496716,126.922388,5,,,5
141,자치행정과,방범,방범-141,노량진1동,만양로 12길 57,노량진1동 205-193,37.510583,126.948289,3,2,,1
142,자치행정과,방범,방범-142,노량진2동,노량진로6다길 50,노량진2동 294-5,37.508437,126.935886,3,2,,1
143,자치행정과,방범,방범-143,상도1동,상도로47가길 34,상도1동 425-1,37.501223,126.950681,3,2,,1
144,자치행정과,방범,방범-144,상도2동,상도로15바길 22,상도2동 361-46,37.504868,126.934725,3,2,,1
145,자치행정과,방범,방범-145,상도3동,성대로6길 32,상도3동 313-36,37.498655,126.931451,4,,,4
146,자치행정과,방범,방범-146,상도4동,성대로11길 69,상도4동 247-2,37.500302,126.93354,4,,,4
147,자치행정과,방범,방범-147,흑석동,서달로12길 86,흑석동 62-11,37.504363,126.96422,3,2,1,
148,자치행정과,방범,방범-148,사당1동,남부순환로263길 18,사당1동 419-81,37.477737,126.975788,3,2,,1
149,자치행정과,방범,방범-149,사당2동,동작대로33가길 27,사당2동 72-12,37.490807,126.981918,4,,,4
150,자치행정과,방범,방범-150,사당3동,사당로23아길 24,사당3동 180-26,37.491504,126.969647,3,2,,1
151,자치행정과,방범,방범-151,사당4동,남부순환로255바길 8,사당4동 303-5,37.478304,126.971561,3,2,1,
152,자치행정과,방범,방범-152,사당5동,솔밭로 102-1,사당5동 224-27,37.485368,126.968174,5,,,5
153,자치행정과,방범,방범-153,대방동,대방동 15길 26,대방동 388-19,37.502806,126.922712,4,,,4
154,자치행정과,방범,방범-154,신대방1동,신대방2나길 17,신대방1동 625-3,37.489546,126.912827,3,2,,1
155,자치행정과,방범,방범-155,신대방2동,여의대방로22아길 72,신대방2동 366-259 ,37.495693,126.924633,3,2,1,
156,자치행정과,방범,방범-156,흑석동,현충로14길 26,흑석동 283-2 이동식카메라,37.505206,126.969323,1,,1,
157,자치행정과,방범,방범-157,노량진1동,만양로10길 6 ,노량진1동 215-156 해남고시원앞,37.509006,126.946658,3,,,3
158,자치행정과,방범,방범-158,노량진1동,만양로14길 60 ,노량진1동202-1세종빌딩 ,37.512502,126.947435,3,,,3
159,자치행정과,방범,방범-159,노량진1동,노량진로 28길 39 ,노량진1동 47-41 제일슈퍼 앞,37.511304,126.955926,3,,,3
160,자치행정과,방범,방범-160,노량진1동,만양로 16길 9 ,노량진1동 119-165,37.511681,126.944576,3,,,3
161,자치행정과,방범,방범-161,노량진1동,장승배기로 143 장미빌라 ,노량진1동 232-5 노량진성당맞은편,37.510838,126.942435,3,,,3
162,자치행정과,방범,방범-162,노량진1동,만양로 12길 13 ,노량진1동222-11 ,37.510234,126.946324,3,,,3
163,자치행정과,방범,방범-163,노량진1동,만양로 26,노량진1동 473-4 극락정사 사거리,37.508077,126.951433,1,,,1
164,자치행정과,방범,방범-164,노량진1동,노량진로 26길47 ,노량진1동51-2 동양중학교 후문 골목,37.510286,126.955277,3,,,3
165,자치행정과,방범,방범-165,노량진2동,노량진로 10가길 28 ,노량진2동279-6,37.511645,126.936041,3,,,3
166,자치행정과,방범,방범-166,노량진2동,장승배기로 19라길 34 ,노량진2동294-459,37.507002,126.936137,3,,,3
167,자치행정과,방범,방범-167,노량진2동,노량진로 12길44 ,노량진2동 255-11 한전주,37.511515,126.937663,1,,,1
168,자치행정과,방범,방범-168,노량진2동,노량진로 8나길 55 ,노량진2동 291-16,37.510085,126.937128,3,,,3
169,자치행정과,방범,방범-169,노량진2동,장승배기로 27길 80 ,노량진2동 300-6,37.509453,126.938573,3,,,3
170,자치행정과,방범,방범-170,노량진2동,등용로14길81 ,노량진2동 266-14 정애정미용실앞,37.512797,126.936003,4,,,4
171,자치행정과,방범,방범-171,노량진2동,노량진로 6길79 ,노량진2동289-42,37.509686,126.936748,3,,,3
172,자치행정과,방범,방범-172,상도2동,상도로15길 111-7,상도동 360-4,37.505059,126.936838,3,,,3
173,자치행정과,방범,방범-173,상도2동,상도로31길 49,상도2동 22-153,37.506745,126.945935,3,,,3
174,자치행정과,방범,방범-174,상도2동,상도로 22길 25,상도2동 196-90 ,37.502136,126.93706,1,,,1
175,자치행정과,방범,방범-175,상도2동,장승배기로 9나길1 ,상도2동 200-1 교육청맞은편,37.502527,126.939514,3,,,3
176,자치행정과,방범,방범-176,상도2동,상도로 30길73 ,상도2동 28-24 낙원경로당,37.503809,126.94488,3,,,3
177,자치행정과,방범,방범-177,상도2동,장승배기로10길 28,상도2동 178-3,37.504774,126.940745,3,,,3
178,자치행정과,방범,방범-178,상도2동,만양로 7 ,상도2동 22-107 진양연립 길건너,37.50554,126.946776,3,,,3
179,자치행정과,방범,방범-179,상도3동,성대로 6마길 10 ,상도3동 279-170 신동아빌라,37.495338,126.935133,3,,,3
180,자치행정과,방범,방범-180,상도3동,상도로 11길23 ,상도3동 335-110,37.501938,126.929044,1,,,1
181,자치행정과,방범,방범-181,상도3동,상도로13나길 33,상도3동 335-202,37.502663,126.929259,3,,,3
182,자치행정과,방범,방범-182,상도3동,상도로 13다길 1 ,상도3동 335-98,37.500765,126.930296,3,,,3
183,자치행정과,방범,방범-183,상도3동,상도로15사길 30 ,상도3동 356-67,37.503008,126.932949,3,,,3
184,자치행정과,방범,방범-184,상도3동,국사봉1길 178 ,상도3동 283-48,37.494809,126.934709,3,,,3
185,자치행정과,방범,방범-185,상도3동,성대로 6가길 24 ,상도3동256-69,37.49783,126.932901,3,,,3
186,자치행정과,방범,방범-186,상도4동,성대로 21길 54 ,상도4동 244-131 상도초등학교 정문위,37.500347,126.936413,3,,,3
187,자치행정과,방범,방범-187,상도4동,양녕로 22다길 27 ,상도4동 214-56,37.496815,126.945867,3,,,3
188,자치행정과,방범,방범-188,상도4동,성대로 14길 81 ,상도4동 279-408,37.494863,126.938693,3,,,3
189,자치행정과,방범,방범-189,상도4동,성대로 165 ,상도4동 235-34 충남정육점옆,37.498689,126.939487,3,,,3
190,자치행정과,방범,방범-190,상도4동,성대로1가길 24,상도4동 242-5,37.501525,126.935744,3,,,3
191,자치행정과,방범,방범-191,상도4동,성대로 10길 3 ,상도4동 261-20 안일약국 주변,37.4975,126.934634,3,,,3
192,자치행정과,방범,방범-192,상도4동,성대로 16길 39 ,상도4동 279-334 현대훼미리,37.496808,126.937804,3,,,3
193,자치행정과,방범,방범-193,상도4동,양녕로 25길 51 ,상도4동 210-285,37.49706,126.941474,3,,,3
194,자치행정과,방범,방범-194,대방동,등용로 10가길 7,대방동 44-104 ,37.509772,126.933194,1,,,1
195,자치행정과,방범,방범-195,대방동,등용로 10길 44 ,대방동 44-250 영진교회 앞,37.510421,126.934101,3,,,3
196,자치행정과,방범,방범-196,대방동,여의대방로 24다길 57 ,대방동 410-10 코롱아파트 옆,37.49879,126.924367,3,,,3
197,자치행정과,방범,방범-197,대방동,상도로 11길 9-1,대방동 335-29 동작 노인복지관 옆,37.500651,126.929372,3,,,3
198,자치행정과,방범,방범-198,대방동,대방동 23길 45 ,대방동 388-17,37.50409,126.92266,3,,,3
199,자치행정과,방범,방범-199,대방동,대방동 23길 21,대방동 380-1 ,37.503972,126.924172,3,,,3
200,자치행정과,방범,방범-200,대방동,여의대방로24나길 2,대방동 414-5,37.498445,126.920952,3,,,3
201,자치행정과,방범,방범-201,신대방1동,여의대방로10가길 27,신대방1동 567-7 우성아파트사이약수터길,37.492078,126.913195,1,,,1
202,자치행정과,방범,방범-202,신대방1동,신대방14가길 23 ,신대방1동 631-4 대천교회 앞,37.489967,126.912259,1,,,1
203,자치행정과,방범,방범-203,신대방1동,신대방1길 32 ,신대방1동694-20앞 삼거리,37.48652,126.909988,3,,,3
204,자치행정과,방범,방범-204,신대방1동,여의대방로 10길 73 ,신대방1동 470-13,37.493399,126.9149,3,,,3
205,자치행정과,방범,방범-205,신대방1동,대림로 43,신대방1동 719-1 동작쌍떼빌아파트 놀이터,37.487625,126.908275,3,,,3
206,자치행정과,방범,방범-206,신대방1동,신대방3길 38 ,신대방1동 689-57 댕기머리미용실,37.487627,126.909689,3,,,3
207,자치행정과,방범,방범-207,신대방1동,신대방6길 25 ,신대방1동 616-54 아이비영재어린이집 앞,37.488902,126.911369,3,,,3
208,자치행정과,방범,방범-208,신대방2동,여의대방로16길 12-7 ,신대방2동 498-44 주택가,37.496297,126.916212,1,,,1
209,자치행정과,방범,방범-209,신대방2동,여의대방로 22카길 12 ,신대방2동 358-6 은혜교회 뒤,37.497724,126.925845,3,,,3
210,자치행정과,방범,방범-210,신대방2동,보라매로9길 38-1 ,"신대방2동 366-57,58 한전주",37.495038,126.925117,1,,,1
211,자치행정과,방범,방범-211,신대방2동,보라매로7가길 6 ,신대방2동 344-137 월드카센타 ,37.493847,126.926309,1,,,1
212,자치행정과,방범,방범-212,신대방2동,국사봉2가길 15 ,신대방2동 339-4 대성빌라옆 ,37.497508,126.929073,1,,,1
213,자치행정과,방범,방범-213,신대방2동,보라매로17길 23 ,신대방2동 360-146,37.497321,126.926859,3,,,3
214,자치행정과,방범,방범-214,상도1동,사당로2가길 10-3 ,상도1동 410 현대아파트 201동,37.493351,126.961114,3,,,3
215,자치행정과,방범,방범-215,상도1동,상도로55길 16 ,상도1동 484,37.497876,126.955321,3,,,3
216,자치행정과,방범,방범-216,상도1동,상도로47가길9 ,상도1동 359-1 새마을금고 부근,37.50031,126.951381,1,,,1
217,자치행정과,방범,방범-217,상도1동,상도로52길 4,상도동 469-5,37.498092,126.951464,3,,,3
218,자치행정과,방범,방범-218,흑석동,현충로12길 106,흑석동 295,37.503997,126.9682,3,,,3
219,자치행정과,방범,방범-219,상도4동,양녕로23길 82,상도동 279-328,37.496179,126.938547,3,,,3
220,자치행정과,방범,방범-220,흑석동,흑석로6길 29 ,흑석동 207-74 ,37.505459,126.956084,1,,,1
221,자치행정과,방범,방범-221,흑석동,서달로10나길 19 ,흑석동 84-134 제일교회,37.503404,126.962272,1,,,1
222,자치행정과,방범,방범-222,사당1동,동작대로3길 46 ,사당1동 1034-46,37.478834,126.979016,3,,,3
223,자치행정과,방범,방범-223,사당1동,동작대로15길 96 ,사당1동 321-21,37.482682,126.976209,3,,,3
224,자치행정과,방범,방범-224,사당1동,남부순환로255나길 9,사당1동 449-18,37.47706,126.97157,3,,,3
225,자치행정과,방범,방범-225,사당1동,남부순환로271길 35 ,사당1동 1032-50 완도수산,37.478328,126.98003,1,,,1
226,자치행정과,방범,방범-226,사당2동,동작대로41길22 ,사당2동102-69,37.496509,126.980595,3,,,3
227,자치행정과,방범,방범-227,사당2동,동작대로25길 13,사당2동 708-434,37.486286,126.981138,3,,,3
228,자치행정과,방범,방범-228,사당2동,동작대로31길 32,사당동 91-41,37.489088,126.98055,5,,,5
229,자치행정과,방범,방범-229,사당2동,동작대로 33마길 39,사당2동 64-61,37.491017,126.977737,1,,,1
230,자치행정과,방범,방범-230,사당3동,사당로29다길 54,사당동 141-251,37.486837,126.97713,2,,,2
231,자치행정과,방범,방범-231,사당3동,사당로23길 181 ,사당3동 175-25 고은약국앞,37.490157,126.970926,3,,,3
232,자치행정과,방범,방범-232,사당3동,사당로27길 247 ,사당3동 178-1 성락빌라 앞,37.492615,126.969257,3,,,3
233,자치행정과,방범,방범-233,사당3동,사당로13길 8 ,사당3동 252-10,37.484446,126.972755,3,,,3
234,자치행정과,방범,방범-234,사당4동,사당로20나길 114 ,사당4동 304-4,37.478817,126.971481,1,,,1
235,자치행정과,방범,방범-235,사당4동,사당로16가길 12 ,사당4동 265-57,37.482977,126.972734,3,,,3
236,자치행정과,방범,방범-236,사당4동,사당로16바길 16 ,사당4동 296-32,37.481357,126.971607,1,,,1
237,자치행정과,방범,방범-237,사당4동,사당로14가길 8,사당4동 254-11,37.484012,126.971807,1,,,1
238,자치행정과,방범,방범-238,사당5동,사당로8가길 9-8,사당동 234-1,37.484065,126.967635,3,,,3
239,자치행정과,방범,방범-239,상도1동,상도로49길 7 ,상도1동 465-16,37.499024,126.951945,3,,,3
240,자치행정과,방범,방범-240,사당5동,사당로8길 9 ,사당5동 248 사당문화회관 사거리,37.484575,126.969349,3,,,3
241,자치행정과,방범,방범-241,노량진1동,노량진로14나길 24,노량진1동 119-35 한빛독서실,37.511769,126.943357,3,,,3
242,자치행정과,방범,방범-242,노량진1동,노량진로32길 10,노량진1동 10-23 본동현장민원실 뒤편,37.512937,126.956204,3,,,3
243,자치행정과,방범,방범-243,상도2동,상도로34나길 9,상도2동 154-5,37.504012,126.946007,3,,,3
244,자치행정과,방범,방범-244,흑석동,현충로18길 38,흑석동 267,37.505197,126.968238,3,,,3
245,자치행정과,방범,방범-245,사당1동,남부순환로257가길 48,사당동 419-33,37.480008,126.976487,3,,,3
246,자치행정과,방범,방범-246,사당2동,동작대로31길 46-6,사당동 91-38,37.489448,126.979927,4,,,4
247,자치행정과,방범,방범-247,사당2동,동작대로길27길 5,사당2동 139-30 태평백화점 뒤,37.487172,126.981628,3,,,3
248,자치행정과,방범,방범-248,사당4동,사당로16나길 22,사당4동 267-21,37.483017,126.972059,3,,,3
249,자치행정과,방범,방범-249,대방동,여의대방로62길 8,대방동 97-8,37.513546,126.927093,3,,,3
250,자치행정과,방범,방범-250,신대방2동,여의대방로22나길 23,신대방2동 367-83 문창중학교 통학로,37.496799,126.921268,3,,,3
252,도시전략사업과,방범,방범-251,흑석동,흑석로3길 47,흑석동 198-11,37.50932,126.956989,3,,2,1
253,도시전략사업과,방범,방범-252,흑석동,흑석로3길 60,흑석동 186-20,37.509556,126.958052,3,,2,1
254,도시전략사업과,방범,방범-253,흑석동,흑석로13길 27,흑석동 186-68,37.509986,126.958867,2,,1,1
255,도시전략사업과,방범,방범-254,흑석동,흑석로5길 92,흑석동 186-61,37.509083,126.958717,2,,1,1
256,도시전략사업과,방범,방범-255,흑석동,흑석로5길 74,흑석동 186-135,37.509057,126.957812,2,,1,1
257,도시전략사업과,방범,방범-256,흑석동,흑석로9길 72,흑석동 198-17,37.508609,126.956737,4,,3,1
258,도시전략사업과,방범,방범-257,흑석동,흑석로13마길 12,흑석동 186-12,37.509276,126.959515,2,,1,1
251,자치행정과,방범,방범-258,신대방2동,보라매로13길 13,신대방2동 344-74,37.496169,126.926774,3,,,3
259,자치행정과,방범,방범-259,노량진1동,장승배기로 20다길 10 정호아트빌라 삼거리,노량진1동 232-9,37.509867,126.941307,3,,,3
260,자치행정과,방범,방범-260,노량진1동,장승배기로26길 65,노량진1동 119-118,37.511058,126.943087,3,,,3
261,자치행정과,방범,방범-261,사당5동,사당로16다길 57 제일아파트 앞 사거리,사당5동 240-15,37.483324,126.969946,3,,,3
262,자치행정과,방범,방범-262,신대방1동,신대방2가길 12,신대방1동 618-147,37.488435,126.912668,3,,,3
263,자치행정과,방범,방범-263,흑석동,현충로22길 23,흑석동 227-20,37.504369,126.970485,3,,,3
264,자치행정과,방범,방범-264,노량진1동,노량진로16길 10,노량진1동 100-3,37.513025,126.943763,3,,,3
265,자치행정과,방범,방범-265,노량진1동,매봉로134 신동아APT앞,노량진1동 481,37.510455,126.951117,3,,,3
266,자치행정과,방범,방범-266,노량진1동,만양로13길 28,노량진1동 221-84,37.509344,126.944765,3,,,3
267,자치행정과,방범,방범-267,노량진2동,장승배기로16길 65,노량진2동 229-42,37.507703,126.943031,3,,,3
268,자치행정과,방범,방범-268,노량진2동,노량진로8나길 111,노량진2동 294-414,37.507792,126.93603,4,,,4
269,자치행정과,방범,방범-269,노량진2동,노량진로8다길 2,노량진2동 282-40,37.510858,126.937069,3,,,3
270,자치행정과,방범,방범-270,상도2동,장승배기로9길 41,상도2동 184-150,37.503084,126.937737,3,,,3
271,자치행정과,방범,방범-271,상도2동,상도로15길 104,상도2동 361-106,37.504322,126.936017,3,,,3
272,자치행정과,방범,방범-272,상도2동,상도로34길 36,상도2동 156-11,37.503191,126.944858,3,,,3
273,자치행정과,방범,방범-273,상도3동,국사봉10길 81-3,상도3동 301-70,37.493222,126.932943,3,,,3
274,자치행정과,방범,방범-274,상도3동,상도로15다길 7-12,상도3동 331-67,37.502316,126.932906,3,,,3
275,자치행정과,방범,방범-275,상도3동,성대로2길 11 상도3동주민센터,상도3동 315-37,37.499189,126.93122,3,,,3
276,자치행정과,방범,방범-276,상도4동,상도로22나길 17,상도4동 193-63,37.501751,126.936451,3,,,3
277,자치행정과,방범,방범-277,상도4동,성대로25길 10-8 구립샛별어린이집,상도4동 236-24,37.499179,126.938968,3,,,3
278,자치행정과,방범,방범-278,상도4동,성대로10나길 6 성대경로당 인근,상도4동 269-13,37.497119,126.934927,3,,,3
279,자치행정과,방범,방범-279,대방동,대방동길 77 앞 삼거리,대방동 376-1,37.505018,126.924775,3,,,3
280,자치행정과,방범,방범-280,대방동,등용로8가길 11 골목길,대방동 13-50,37.506328,126.934142,3,,,3
281,자치행정과,방범,방범-281,대방동,여의대방로24사길 8 앞,대방동 404-15,37.499062,126.925253,3,,,3
282,자치행정과,방범,방범-282,신대방1동,신대방길 88 새마을금고앞,신대방1동 602-15,37.489617,126.909452,3,,,3
283,자치행정과,방범,방범-283,신대방1동,신대방16가길 18 향나무빌라앞,신대방1동 599-24,37.490321,126.910814,3,,,3
284,자치행정과,방범,방범-284,신대방1동,신대방18길 1 장시회관 앞,신대방1동 591-57,37.490055,126.90881,4,,,4
285,자치행정과,방범,방범-285,신대방1동,신대방14가길 23 대천교회 앞,신대방1동 631-4,37.490071,126.912864,3,,,3
286,자치행정과,방범,방범-286,신대방2동,여의대방로22길 44 보라매어린이집,신대방2동 364-18,37.497688,126.922301,3,,,3
287,자치행정과,방범,방범-287,신대방2동,보라매로9라길 10,신대방2동 344-165,37.494671,126.925682,3,,,3
288,자치행정과,방범,방범-288,신대방2동,여의대방로22길 78,신대방2동 361-55,37.497733,126.923779,3,,,3
289,자치행정과,방범,방범-289,상도1동,상도로47바길41,상도동 54-34 앞 삼거리 상도펠리스,37.503736,126.953605,3,,,3
290,자치행정과,방범,방범-290,상도1동,상도로68길 10,상도동 498-3,37.493657,126.955347,3,,,3
291,자치행정과,방범,방범-291,상도1동,상도로45길 81,상도1동 326-2,37.50263,126.952966,3,,,3
292,자치행정과,방범,방범-292,상도1동,상도로61길 44,상도동 504-2,37.494666,126.957619,4,,,4
293,자치행정과,방범,방범-293,상도2동,만양로2길 46,상도동 16-18 오른쪽 전주,37.506576,126.949675,3,,,3
294,자치행정과,방범,방범-294,상도3동,상도로13가길 6-2,상도동 328-1,37.500503,126.931222,3,,,3
295,자치행정과,방범,방범-295,상도4동,성대로19길 23,상도동 244-369 장안골든빌라앞삼거리,37.499071,126.936423,3,,,3
296,자치행정과,방범,방범-296,흑석동,흑석로6길 16-1,흑석동 207-18 사거리 전신주옆,37.50574,126.956671,4,,,4
297,자치행정과,방범,방범-297,흑석동,서달로13길 11-1 연흥여인숙 골목,흑석동 102-46,37.508202,126.962202,3,,,3
298,자치행정과,방범,방범-298,흑석동,서달로10라길 17,흑석동 64-43,37.503354,126.964189,4,,,4
299,자치행정과,방범,방범-299,흑석동,흑석로10길 12,흑석동 223-28,37.506736,126.960103,3,,,3
300,자치행정과,방범,방범-300,사당1동,남부순환로271길 65,사당동 1033-14 오거리,37.479497,126.979406,5,,,5
301,자치행정과,방범,방범-301,사당1동,동작대로11길104,사당동 319-44오거리,37.481499,126.975679,5,,,5
302,자치행정과,방범,방범-302,사당1동,남부순환로269길 87,사당동 435-20,37.479149,126.9749,4,,,4
303,자치행정과,방범,방범-303,사당1동,남부순환로271가길 7,사당동 1039-45,37.477791,126.979548,3,,,3
304,자치행정과,방범,방범-304,사당1동,남부순환로267길 13,사당동 419-114,37.477572,126.976136,4,,,4
305,자치행정과,방범,방범-305,사당2동,동작대로41길 7,동작동 102-60하랑숲유치원,37.495837,126.981921,3,,,3
306,자치행정과,방범,방범-306,사당2동,동작대로35가길 3,사당동 72-15,37.490564,126.981049,3,,,3
307,자치행정과,방범,방범-307,사당2동,동작대로27라길 12,사당동 141-5,37.486061,126.9795,3,,,3
308,자치행정과,방범,방범-308,사당3동,사당로27길 225,사당동178-48,37.491784,126.970536,3,,,3
309,자치행정과,방범,방범-309,사당3동,사당로9가길 58 경남아그네스빌,사당동 209-16,37.487375,126.968233,3,,,3
310,자치행정과,방범,방범-310,사당3동,사당로23길 278,사당동 180-1 남묘주차장앞,37.492846,126.967497,3,,,3
311,자치행정과,방범,방범-311,사당4동,사당로18길 9,사당동318-19 앞삼거리전신주옆,37.482706,126.974581,3,,,3
312,자치행정과,방범,방범-312,사당4동,남부순환로257길 42 남성중학교,사당동 304-5,37.478163,126.972464,3,,,3
313,자치행정과,방범,방범-313,사당4동,사당로16아길 59,사당동 284-4,37.480995,126.968574,4,,,4
314,자치행정과,방범,방범-314,사당5동,사당로2길 40 장은해그린아파트,사당동 1145,37.491464,126.963371,3,,,3
315,자치행정과,방범,방범-315,사당5동,사당로10길 93,사당동 239-7,37.482142,126.967531,3,,,3
316,자치행정과,방범,방범-316,사당5동,사당로2차길 15-9,사당동 202-2 ,37.487781,126.965904,4,,,4
317,자치행정과,방범,방범-317,신대방2동,여의대방로22가길 25-1,신대방2동 365-1,37.496829,126.920797,3,,,3
318,자치행정과,방범,방범-318,신대방2동,여의대방로22바길 36,신대방2동 360-81,37.49628,126.923564,3,,,3
319,자치행정과,방범,방범-319,노량진1동,만양로14아길 7,노량진1동 204-1,37.511964,126.947494,4,,,4
320,자치행정과,방범,방범-320,노량진2동,장승배기로21길18,노량진2동 305-16,37.509017,126.939125,4,,,4
321,자치행정과,방범,방범-321,상도2동,상도로22길 9,상도2동 184-171,37.502951,126.936497,4,,,4
322,자치행정과,방범,방범-322,상도3동,국사봉10길 72-4,상도3동 301-55,37.493412,126.932411,4,,,4
323,자치행정과,방범,방범-323,상도4동,성대로11가길 16,상도4동 264-241,37.497827,126.936121,4,,,4
324,자치행정과,방범,방범-324,흑석동,흑석로9길 41,흑석동 199-6,37.508005,126.958014,4,,,4
325,자치행정과,방범,방범-325,흑석동,현충로10길 56,흑석동 292,37.504517,126.967404,4,,,4
326,자치행정과,방범,방범-326,사당1동,동작대로21길 16,사당1동 1006-12,37.483805,126.980926,5,,,5
327,자치행정과,방범,방범-327,사당1동,동작대로9다길 23,사당1동 1025-14,37.479556,126.977302,5,,,5
328,자치행정과,방범,방범-328,사당1동,남부순환로269길 27,사당1동 1046-25,37.4778,126.977614,4,,,4
329,자치행정과,방범,방범-329,사당2동,동작대로29다길 7-5,사당2동 91-158,37.488634,126.980217,4,,,4
330,자치행정과,방범,방범-330,사당2동,동작대로33바길 41,사당2동 59-4,37.491923,126.977129,4,,,4
331,자치행정과,방범,방범-331,사당3동,사당로29가길 31-1,사당3동 141-66,37.486484,126.9792,4,,,4
332,자치행정과,방범,방범-332,사당4동,사당로16길 30,사당동 274-24,37.482242,126.972893,4,,,4
333,자치행정과,방범,방범-333,사당5동,사당로10가길 22,사당5동 241-42,37.482603,126.967853,3,,,3
334,자치행정과,방범,방범-334,신대방2동,보라매로15길 16,신대방2동 360-137,37.497172,126.926814,3,,,3
335,도시전략사업과,방범,방범-335,상도3동,성대로6가길 71,상도3동 290-55,37.49622,126.934164,3,,,3
336,도시전략사업과,방범,방범-336,상도4동,성대로16길 16,상도4동 264-151,37.497497,126.936865,4,,,4
337,자치행정과,방범,방범-337,노량진1동,노량진로14길 8,노량진동 58-1,37.513063,126.942066,4,,,4
338,자치행정과,방범,방범-338,노량진2동,노량진로8나길 15,노량진동 258-4,37.511822,126.937035,3,,,3
339,자치행정과,방범,방범-339,상도1동,상도로47사길 4,상도동 53-8,37.50329,126.95339,4,,,4
340,자치행정과,방범,방범-340,상도2동,상도로 162,상도동 185-1,37.503677,126.93725,4,,,4
341,자치행정과,방범,방범-341,상도3동,상도로12길 5,상도동 324-23,37.499398,126.929952,4,,,4
342,자치행정과,방범,방범-342,흑석동,서달로14나길 24-5,흑석동 54-161,37.507259,126.962844,4,,,4
343,자치행정과,방범,방범-343,사당1동,남부순환로269길 48,사당동 419-121,37.478254,126.976625,5,,,5
344,자치행정과,방범,방범-344,사당2동,동작대로27가길 45,사당동 147-75,37.485534,126.981091,4,,,4
345,자치행정과,방범,방범-345,사당3동,사당로17나길 8,사당동 257-22,37.484186,126.973154,4,,,4
346,자치행정과,방범,방범-346,사당4동,사당로16가길 56,사당동 249-38,37.483839,126.970505,5,,,5
347,자치행정과,방범,방범-347,사당5동,사당로16다길 92,사당동 231-12,37.484348,126.96853,4,,,4
348,자치행정과,방범,방범-348,대방동,대방동길 15-1,대방동 391-549,37.501014,126.927511,4,,,4
349,자치행정과,방범,방범-349,상도4동,성대로5길 12,상도동 251-8,37.499673,126.933764,4,,,4
350,자치행정과,방범,방범-350,신대방1동,신대방길 32,신대방동 617-9,37.488065,126.91077,4,,,4
351,자치행정과,방범,방범-351,노량진2동,장승배기로94,노량진동 310-150,37.506076,126.940411,4,,,4
352,자치행정과,방범,방범-352,노량진2동,장승배기로27길27,노량진동 242-11,37.511219,126.939273,4,,,4
353,자치행정과,방범,방범-353,상도1동,상도로37길 7,상도1동 668,37.502657,126.948749,4,,,4
354,자치행정과,방범,방범-354,상도3동,상도로13라길22,상도동 335-5,37.502854,126.930206,3,,,3
355,자치행정과,방범,방범-355,상도3동,상도로15길54,상도동 357-15,37.502821,126.93455,4,,,4
356,자치행정과,방범,방범-356,상도4동,성대로12길57,상도동 279-47,37.49539,126.937463,5,,,5
357,자치행정과,방범,방범-357,흑석동,서달로13길5-30,흑석동 102-30,37.507693,126.96169,3,,,3
358,자치행정과,방범,방범-358,노량진2동,장승배기로17길 31,노량진동 315-13,37.506475,126.938163,4,,,4
359,자치행정과,방범,방범-359,사당1동,남부순환로255길 7,사당동 1052-1,37.476259,126.971123,4,,,4
360,자치행정과,방범,방범-360,사당2동,동작대로33가길 5,사당동 83-2,37.489482,126.981733,5,,,5
361,자치행정과,방범,방범-361,대방동,여의대방로26길54,대방동 411-29,37.499218,126.923754,4,,,4
362,자치행정과,방범,방범-362,신대방1동,신대방길62,신대방동 604-15,37.488652,126.90967,4,,,4
363,도시전략사업과,방범,방범-363,상도4동,성대로 1길 26,상도동 190-8,37.501576,126.934462,4,,,4
364,도시전략사업과,방범,방범-364,상도4동,성대로 21다길 34,상도동 239-66,37.500714,126.934924,3,,,3
365,도시전략사업과,방범,방범-365,상도4동,성대로 17길 52 도화공원 인근,상도동 244-50,37.500158,126.935159,4,,,4
366,도시전략사업과,방범,방범-366,상도4동,성대로 11길 22,상도동 264-16,37.498462,126.934862,4,,,4
367,도시전략사업과,방범,방범-367,상도4동,성대로 37길 27,상도동 202-155,37.500382,126.939761,4,,,4
368,도시전략사업과,방범,방범-368,상도4동,양녕로 25길 52-18,상도동 210-110,37.496874,126.940733,4,,,4
369,도시전략사업과,방범,방범-369,상도4동,양녕로 25가길 23,상도동 210-45,37.498886,126.942298,4,,,4
370,도시전략사업과,방범,방범-370,상도4동,양녕로 26길 68,상도동 215-37,37.495547,126.943389,5,,,5
371,도시전략사업과,방범,방범-371,상도4동,성대로 29길 10,상도동 202-253,37.499455,126.939855,3,,,3
372,도시전략사업과,방범,방범-372,상도4동,양녕로 22바길 37,상도동 214-7,37.49659,126.94704,4,,,4
373,자치행정과,방범,방범-373,상도2동,장승배기로10가길 65,상도동 175-29,37.501938,126.941086,4,,,4
374,자치행정과,방범,방범-374,흑석동,흑석로11길 7,흑석동 188-14,37.50795,126.960205,4,,,4
375,자치행정과,방범,방범-375,신대방1동,신대방16길 35,신대방동 587-4,37.491031,126.908983,4,,,4
376,자치행정과,방범,방범-376,신대방2동,여의대방로22바길 15,신대방동 360-83,37.496828,126.923147,4,,,4
377,자치행정과,방범,방범-377,노량진1동 ,만양로 18길 27,노량진동 148-53,37.512963,126.945845,3,,,3
378,자치행정과,방범,방범-378,노량진2동,노량진로10길 75,노량진동 249-61,37.509969,126.938013,4,,,4
379,자치행정과,방범,방범-379,상도1동,상도로 348,상도동 475,37.49729,126.952246,5,,,5
380,자치행정과,방범,방범-380,상도3동,상도로13길 2,상도동 327-13,37.499981,126.930574,4,,,4
381,자치행정과,방범,방범-381,흑석동,흑석로7길 25,흑석동 203-7,37.507791,126.957456,4,,,4
382,자치행정과,방범,방범-382,사당1동,동작대로9나길 17,사당동 1034-11,37.479316,126.978043,4,,,4
383,자치행정과,방범,방범-383,사당2동,동작대로33라길 14,사당동 91-57,37.489893,126.979508,6,,,6
384,자치행정과,방범,방범-384,대방동,보라매로 110,대방동 406-8,37.498858,126.928556,4,,,4
385,자치행정과,방범,방범-385,신대방1동,신대방16가길 44,신대방동 599-32,37.490214,126.91194,3,,,3
386,자치행정과,방범,방범-386,신대방1동,대림로19,신대방동 693-15,37.487114,126.911346,4,,,4
387,자치행정과,방범,방범-387,노량진1동,만양로16길 23,노량진동 119-168,37.51202,126.944927,3,,,3
388,자치행정과,방범,방범-388,상도3동,양녕로23길 125,상도동 279-451,37.494877,126.936618,5,,,5
389,자치행정과,방범,방범-389,상도4동,성대로1길 18-5,상도동 242-79,37.501124,126.934185,3,,,3
390,자치행정과,방범,방범-390,흑석동,흑석로6길 50,흑석동 211-9,37.505655,126.95534,4,,,4
391,자치행정과,방범,방범-391,사당2동,동작대로 129,사당동 86-9,37.488151,126.982041,4,,,4
392,자치행정과,방범,방범-392,사당3동,사당로25길 12,사당동 156-18,37.484672,126.977614,3,,,3
393,자치행정과,방범,방범-393,대방동,여의대방로36길 25,대방동 383-1,37.505568,126.924275,5,,,5
394,자치행정과,방범,방범-394,대방동,등용로4길 121,대방동 44-76,37.510772,126.934698,3,,,3
395,자치행정과,방범,방범-395,신대방1동,여의대방로2길 31,신대방동 492-182,37.493633,126.913442,3,,,3
396,자치행정과,방범,방범-396,상도1동,상도로41가길 16,상도1동 659,37.503346,126.950672,3,,,3
397,자치행정과,방범,방범-397,상도2동,장승배기로9다길 11,상도동 184-104,37.502214,126.938419,4,,,4
398,자치행정과,방범,방범-398,상도3동,상도로 13나길 14 한전주,상도동 335-99,37.501278,126.929692,2,,,2
399,자치행정과,방범,방범-399,상도3동,국사봉1라길 4 한전주,상도동 377-1,37.494271,126.93555,4,,,4
400,자치행정과,방범,방범-400,흑석동,현충로14나길 10 한전주,흑석동 279-3,37.504873,126.97008,2,,,2
401,자치행정과,방범,방범-401,사당2동,동작대로33바길 20 한전주,사당동 64-85,37.491586,126.977955,2,,,2
402,자치행정과,방범,방범-402,사당4동,사당로16길 156,사당동 303-52,37.477844,126.969411,4,,,4
403,자치행정과,방범,방범-403,사당5동 ,사당로10길 28,사당동 245-1,37.483996,126.969299,3,,,3
404,자치행정과,방범,방범-404,대방동,대방동길 43,대방동 391-214,37.502729,126.926715,3,,,3
405,자치행정과,방범,방범-405,상도4동,성대로 12가길 6 전주,상도동 279-17,37.496839,126.936587,4,,,4
406,자치행정과,방범,방범-406,대방동,여의대방로 36길 79 숭의여고 앞 전주,대방동 15-46,37.50071,126.949216,3,,,3
407,자치행정과,방범,방범-407,상도1동,상도로 38길 3-42,상도동 159-305,37.507312,126.929554,3,,,3
408,공원녹지과,공원안전,공원-1(1),대방동,여의대방로44길 39,대방동 23-176 노량진근린공원,37.509762,126.928203,1,,,1
409,공원녹지과,공원안전,"공원-1(2,3)",대방동,여의대방로44길 39,대방동 23-176 노량진근린공원,37.509766,126.928612,2,,,2
410,공원녹지과,공원안전,"공원-1(4,5)",대방동,여의대방로44길 39,대방동 23-176 노량진근린공원,37.510863,126.929407,2,,,2
411,공원녹지과,공원안전,공원-2,대방동,여의대방로36길 70,대방동 23-181 노량진근린공원,37.503605,126.930789,2,,,2
412,공원녹지과,공원안전,공원-3(1),노량진1동,노량진로 191,노량진1동 152-3 사육신역사공원,37.51348,126.949172,1,,,1
413,공원녹지과,공원안전,공원-3(2),노량진1동,노량진로 191,노량진1동 152-3 일대 사육신역사공원,37.513727,126.949659,1,,,1
414,공원녹지과,공원안전,공원-3(3),노량진1동,노량진로 191,노량진1동 152-3 일대 사육신역사공원,37.513375,126.949923,1,,,1
415,공원녹지과,공원안전,공원-4(1),흑석동,현충로 55,흑석동 141-2 효사정 용봉정근린공원,37.510139,126.962997,2,,,2
416,공원녹지과,공원안전,공원-4(2),흑석동,현충로 55,흑석동 141-2 효사정 용봉정근린공원,37.510605,126.962616,2,,,2
417,공원녹지과,공원안전,공원-4(3),흑석동,현충로 55,흑석동 141-2 효사정 용봉정근린공원,37.510433,126.963005,1,,,1
418,공원녹지과,공원안전,공원-4(4),흑석동,현충로 55,흑석동 141-2 효사정 용봉정근린공원,37.510569,126.963374,1,,,1
419,공원녹지과,공원안전,공원-5(1),사당2동,현충로 213,사당2동 326 동작주차근린공원,37.502832,126.978479,1,1,,
420,공원녹지과,공원안전,공원-5(2),사당2동,현충로 213,사당2동 326 동작주차근린공원,37.503508,126.978591,1,1,,
421,공원녹지과,공원안전,"공원-5(3,4)",사당2동,현충로 213,사당2동 326 동작주차근린공원,37.50369,126.978403,2,2,,
422,공원녹지과,공원안전,"공원-6(1,3)",대방동,여의대방로24나길 18,대방동 466-75 참새어린이공원,37.498183,126.921951,2,,,2
423,공원녹지과,공원안전,"공원-6(2,4)",대방동,여의대방로24길 29,대방동 466-75 참새어린이공원,37.497948,126.92183,2,,,2
424,공원녹지과,공원안전,공원-7,사당4동,사당로16사길 48,사당4동 300-26 꿈돌이어린이공원,37.480192,126.969925,1,,,1
425,공원녹지과,공원안전,공원-8,상도4동,양녕로28길 13,상도4동 211-415 별님어린이공원,37.498835,126.944981,1,,,1
426,공원녹지과,공원안전,"공원-9(1-1,1-2)",노량진1동,노량진로26길 16-19,노량진1동 483 본동어린이공원,37.510694,126.954264,2,,,2
427,공원녹지과,공원안전,"공원-9(2-1,2-2)",노량진1동,노량진로26길 32-18,노량진1동 483 본동어린이공원,37.510467,126.954547,2,,,2
428,공원녹지과,공원안전,공원-10,상도3동,대방동6길 34,상도3동 335-141 새벽어린이공원,37.500643,126.930222,1,,,1
429,공원녹지과,공원안전,공원-11,신대방1동,여의대방로10길 38,"신대방1동 492-222, 714 은하수어린이공원",37.494448,126.91249,2,2,,
430,공원녹지과,공원안전,공원-12,상도4동,성대로16길 67-5,상도4동 산65-150 상도근린공원,37.496129,126.939241,1,1,,
431,공원녹지과,공원안전,공원-13(1),사당2동,동작대로39길 22,사당2동 산20-4 현충근린공원,37.496589,126.978767,1,,,1
432,공원녹지과,공원안전,공원-13(2),사당2동,동작대로39길 22,사당2동 산20-4 현충근린공원,37.49655,126.978253,1,,,1
433,공원녹지과,공원안전,공원-14,상도1동,상도로68길 29,상도1동 126-18 푸른솔아파트 상도로68길 29,37.492122,126.955625,4,,,4
434,공원녹지과,공원안전,"공원-15(1-1,1-2)",상도1동,매봉로 46,상도1동 508 절고개공원,37.506938,126.951721,2,,,2
435,공원녹지과,공원안전,공원-16,상도2동,장승배기로4길 9,상도2동 521-1 꿈나무어린이공원,37.503157,126.942867,1,,,1
436,공원녹지과,공원안전,공원-17,사당4동,사당로20나길 32,사당4동 316-23 노루어린이공원,37.481829,126.973922,2,2,,
437,공원녹지과,공원안전,공원-18,상도1동,상도로62가길 32,상도1동 산58 체육시설 상도근린공원,37.493729,126.952993,1,1,,
438,공원녹지과,공원안전,공원-19(1),상도2동,장승배기로19라길 51 ,상도동 362-46 노량진근린공원 백로공원,37.506877,126.935259,2,,,2
439,공원녹지과,공원안전,공원-19(2),상도2동,장승배기로19라길 51,상도동 362-46 노량진근린공원 백로공원,37.506925,126.935624,2,,,2
440,공원녹지과,공원안전,공원-20,상도3동,상도로15사길 8,상도3동 356-221 청소년회관 노량진근린공원,37.503902,126.932515,1,,,1
441,공원녹지과,공원안전,공원-21(1),노량진1동,장승배기로16길 98,노량진1동 325-2 송학대공원 노량진근린공원,37.508747,126.943188,1,,,1
442,공원녹지과,공원안전,"공원-21(2-1,2-2)",노량진1동,장승배기로16길 98,노량진1동 325-2 송학대공원 노량진근린공원,37.508714,126.943837,2,,,2
443,공원녹지과,공원안전,공원-21(3),노량진1동,장승배기로16길 98,노량진1동 325-2 송학대공원 노량진근린공원,37.508663,126.944103,1,,,1
444,공원녹지과,공원안전,공원-22,노량진1동,매봉로6길 16,노량진1동 126-450 고구동산 정자 노량진근린공원,37.507588,126.95425,1,,,1
445,공원녹지과,공원안전,공원-23,노량진1동,노량진로26길 65,노량진1동 486 고구동산 놀이터 노량진근린공원,37.509515,126.955397,1,1,,
446,공원녹지과,공원안전,공원-24,상도3동,국사봉길 175,상도3동 산80-31 상도근린공원,37.493161,126.935217,2,2,,
447,공원녹지과,공원안전,공원-25,사당5동,솔밭로 97-12,사당5동 32-56 까치산마을공원,37.485484,126.967198,1,1,,
448,공원녹지과,공원안전,공원-26,상도1동,상도로47라길 20,상도1동 424 햇님어린이공원,37.501598,126.951054,1,,,1
449,공원녹지과,공원안전,공원-27,사당5동,사당로8길 48,사당5동 233-12 반달어린이공원,37.483475,126.967874,1,1,,
450,공원녹지과,공원안전,공원-28,대방동,여의대방로44길 10,대방동 362-11 제비어린이공원,37.50658,126.925766,1,1,,
451,공원녹지과,공원안전,공원-29,흑석동,현충로12길 101,흑석동 293-4 산새어린이공원,37.503954,126.967973,1,1,,
452,공원녹지과,공원안전,공원-30(1),사당1동,동작대로9길 35,사당1동 1028-1 까치어린이공원,37.480565,126.980006,2,,,2
453,공원녹지과,공원안전,공원-30(2),사당1동,동작대로9길 35,사당1동 1028-1 까치어린이공원,37.480376,126.979999,1,,,1
454,공원녹지과,공원안전,"공원-31(1-1,1-2)",사당3동,사당로23길 57-7,사당3동 산24-17 삼일공원,37.485543,126.97493,2,,,2
455,공원녹지과,공원안전,공원-31(2),사당3동,사당로23길 57-7,사당3동 산24-17 삼일공원,37.486744,126.973199,1,,,1
456,공원녹지과,공원안전,공원-32,상도2동,상도로30길 39,상도2동 529-1 상도소공원,37.504794,126.943821,1,1,,
457,공원녹지과,공원안전,공원-33(1),상도1동,상도로38길 69-12,상도1동 415-1 상도동중앙 쌈지공원,37.500072,126.949559,1,1,,
458,공원녹지과,공원안전,공원-33(2),상도1동,상도로38길 69-12,상도1동 415-1 상도동중앙 쌈지공원,37.500047,126.949426,1,1,,
459,공원녹지과,공원안전,공원-33(3),상도1동,상도로38길 69-12,상도1동 415-1 상도동중앙 쌈지공원,37.5,126.949276,1,1,,
460,공원녹지과,공원안전,공원-33(4),상도1동,상도로38길 69-12,상도1동 415-1 상도동중앙 쌈지공원,37.49997,126.949201,1,1,,
461,공원녹지과,공원안전,공원-33(5),상도1동,상도로38길 69-12,상도1동 415-1 상도동중앙 쌈지공원,37.499938,126.949112,1,1,,
462,공원녹지과,공원안전,공원-33(6),상도1동,상도로38길 69-12,상도1동 415-1 상도동중앙 쌈지공원,37.499898,126.949005,1,1,,
463,공원녹지과,공원안전,공원-34,상도3동,성대로6가길 41-2,상도3동 259-116 패밀리공원,37.496979,126.933958,1,,,1
464,공원녹지과,공원안전,공원-35(2),사당3동,사당로9다길 28,사당3동 220-6 양지공원,37.486845,126.969743,1,,,1
465,공원녹지과,공원안전,공원-35(1),사당3동,사당로9나길 11,사당3동 220-6 양지공원,37.486271,126.970197,1,,,1
466,공원녹지과,공원안전,공원-36,신대방1동,여의대방로10길 38,신대방1동 492-222 은하수어린이공원,37.494121,126.91305,1,,,1
467,공원녹지과,공원안전,공원-37,상도4동,양녕로23길 27,"상도4동 산65-149, 산65-238 상도근린공원",37.495444,126.940759,1,,,1
468,공원녹지과,공원안전,공원-38,상도4동,양녕로23길 27,"상도4동 산65-149, 산65-238 상도근린공원",37.492494,126.943075,1,,,1
469,공원녹지과,공원안전,공원-39,사당5동,사당로4길 52,사당5동 205-18 까치산근린공원,37.485934,126.964387,1,,,1
470,공원녹지과,공원안전,공원-40,흑석동,서달로14마길 18,흑석동 335-10 까망돌어린이공원,37.506651,126.964084,1,,,1
471,공원녹지과,공원안전,공원-41,사당5동,사당로16다길 57,사당5동 산32-76 늘푸른어린이공원,37.482204,126.969545,1,,,1
472,공원녹지과,공원안전,공원-42,사당4동,사당로16길 96,사당4동 1000-13 토끼어린이공원,37.478152,126.970144,1,,,1
473,공원녹지과,공원안전,공원-43,사당4동,사당로20다길 23,사당4동 316-33 새싹어린이공원,37.480051,126.973159,1,,,1
474,공원녹지과,공원안전,공원-44,사당1동,사당로20바길 15,사당1동 316-37 양지어린이공원,37.479996,126.974022,1,,,1
475,공원녹지과,공원안전,공원-45,사당1동,동작대로1길 9-1,사당1동 1043-14 사당만남의광장,37.476951,126.980634,3,,,3
476,공원녹지과,공원안전,공원-46,사당3동,사당로23나길 27,사당3동 1157-1 해밀어린이공원,37.488404,126.97428,2,,,2
477,공원녹지과,공원안전,공원-47,사당2동,동작대로39가길 31,사당2동 333-3 희망어린이공원,37.49387,126.980199,3,,,3
478,공원녹지과,공원안전,공원-48,상도3동,국사봉1길 114,상도3동 296-6 빙수골소공원,37.496645,126.932071,2,,,2
479,공원녹지과,공원안전,공원-49(1),상도3동,상도로 211,상도2동 25-8 꽃담소길공원 꽃담길,37.50547,126.941989,1,,,1
480,공원녹지과,공원안전,공원-49(2),상도3동,상도로 211,상도2동 25-8 꽃담소길공원 꽃담길,37.505368,126.941997,1,,,1
481,공원녹지과,공원안전,공원-50,사당5동,사당로2가길 188,사당5동 1138-1 개나리어린이공원,37.486202,126.965725,2,,,2
482,공원녹지과,공원안전,공원-51,상도1동,상도로47가길 40,상도1동 426 꿈동산어린이공원,37.503298,126.954376,2,,,2
483,공원녹지과,공원안전,공원-52,사당5동,사당로2차길 18,사당5동 1144 샛별어린이공원,37.487415,126.965383,2,,,2
484,공원녹지과,공원안전,공원-53,상도3동,국사봉2라길 24-14,상도3동 299-193 옹달샘어린이공원,37.495177,126.929625,2,,,2
485,공원녹지과,공원안전,공원-54,노량진2동,장승배기로13길 36,노량진2동 314-95 노량진근린공원,37.506493,126.937574,1,,,1
486,공원녹지과,공원안전,공원-55(1),상도2동,만양로2길 46,상도2동 16-18 꿈나래어린이공원,37.506531,126.949769,1,,,1
487,공원녹지과,공원안전,공원-55(2),상도2동,만양로2길 46,상도2동 16-18 꿈나래어린이공원,37.506467,126.949816,1,,,1
488,공원녹지과,공원안전,공원-56,사당3동,사당로 27길 103,사당3동 164-52 새빛소공원,37.487257,126.974419,1,,,1
489,공원녹지과,공원안전,공원-57,상도1동,강남초등길 14-3,상도1동 558 비둘기어린이공원,37.506002,126.951703,3,,,3
490,자치행정과,어린이안전,어린이안전-1,노량진1동,노량진로26길 16-40 ,노량진1동 50-8 본동초,37.510471,126.95317,1,,,1
491,자치행정과,어린이안전,어린이안전-2,사당3동,사당로23나길 27,사당3동 105-23 삼일초,37.4878,126.975281,1,1,,
492,자치행정과,어린이안전,어린이안전-3,노량진1동,만양로12가길 69,노량진1동 441-11 영본초,37.51092,126.94833,1,1,,
493,자치행정과,어린이안전,어린이안전-4,흑석동,현충로 87,흑석동 7-1 흑석초,37.508708,126.96404,1,,,1
494,자치행정과,어린이안전,어린이안전-5,대방동,알마타길 16,대방동 351-6 신길초,37.509952,126.926098,1,1,,
495,자치행정과,어린이안전,어린이안전-7,흑석동,서달로 135,흑석동 233-2 중대부속초,37.505822,126.961112,1,1,,
496,자치행정과,어린이안전,어린이안전-8,사당2동,동작대로29길 214,사당2동 산 9-1 동작초,37.493039,126.975788,1,1,,
497,자치행정과,어린이안전,어린이안전-9,대방동,등용로8길 3,대방동 44-3 영화초,37.508469,126.932714,1,,,1
498,자치행정과,어린이안전,어린이안전-10,사당5동,사당로 146,사당5동 199-1 신남성초 후문,37.488596,126.96466,1,,,1
499,자치행정과,어린이안전,어린이안전-11,상도4동,성대로17길 52,상도4동 244-183 상도초,37.499495,126.935176,4,,,4
500,자치행정과,어린이안전,어린이안전-12,상도1동,강남초등길 15,상도1동 501-1 강남초,37.505953,126.952201,1,1,,
501,교통행정과,어린이안전,어린이안전-13,상도2동,장승배기로 14,상도2동 521-3 신상도초등학교 후문 옆 교차로,37.500713,126.945095,5,4,1,
502,교통행정과,어린이안전,어린이안전-14,상도4동,성대로29길 79,상도4동 238 상도초등학교 앞 교차로,37.501159,126.936917,4,,,4
503,교통행정과,어린이안전,어린이안전-15,대방동,대방동1길 10,대방동 394-28 대림초등학교 후문 교차로,37.500201,126.926682,4,3,1,
504,교통행정과,어린이안전,어린이안전-16,신대방2동,여의대방로16길 30,신대방2동 488-1 보라매초등학교 정문 앞,37.495368,126.916485,4,3,1,
505,교통행정과,어린이안전,어린이안전-17,사당1동,동작대로13길 22,사당1동 1011-1 남사초등학교 정문 앞 교차로,37.481799,126.979529,4,3,1,
506,교통행정과,어린이안전,어린이안전-18,사당3동,사당로23길 56,사당3동 169-29 남성초등학교 진입로 초입부,37.485875,126.9753,3,2,1,
507,교통행정과,어린이안전,어린이안전-19,사당5동,솔밭로 47,사당5동 산 32-87행림초등학교 정문옆 동작고등학교 정문 앞,37.481114,126.965854,3,2,1,
508,교통행정과,어린이안전,어린이안전-20,노량진1동,장승배기로 146,노량진1동 236-13노량진초등하교 후문 앞,37.510485,126.940388,4,3,1,
509,교통행정과,어린이안전,어린이안전-21,상도1동,흑석로 12,상도1동 489-2앞 교차로 강남초,37.504804,126.95201,4,,3,1
510,교통행정과,어린이안전,어린이안전-22,노량진1동,장승배기로26길 17,노량진1동 52-13 앞 노량진초,37.511874,126.941451,4,,,4
511,교통행정과,어린이안전,어린이안전-23,신대방1동,신대방2길 12,신대방1동 644-1 문창초,37.488003,126.913163,3,,,3
512,교통행정과,어린이안전,어린이안전-24,노량진1동,노량진로26길 16-37,노량진1동 50-1 본동초,37.511097,126.954085,2,,1,1
513,교통행정과,어린이안전,어린이안전-25,사당3동,사당로23길 112,사당3동 167-13 앞 교차로 삼일초,37.487451,126.975048,4,,3,1
514,교통행정과,어린이안전,어린이안전-26,상도4동,성대로21길 59,상도4동 238-38 앞 상도초,37.500508,126.936671,2,,,2
515,교통행정과,어린이안전,어린이안전-27,대방동,알마타길 10,대방동 344-13 앞 교차로 신길초,37.510839,126.925882,4,,,4
516,교통행정과,어린이안전,어린이안전-28,사당5동,사당로2가길 133,사당5동 192-6 신남성초,37.488495,126.963739,3,,,3
517,교통행정과,어린이안전,어린이안전-29,노량진1동,만양로12가길 60,노량진1동 205-328 영본초,37.509604,126.948831,3,,,3
518,교통행정과,어린이안전,어린이안전-30,흑석동,서달로 167,흑석동 102-1 앞 교차로 흑석초,37.508026,126.96289,3,,2,1
519,교통행정과,어린이안전,어린이안전-31,상도4동,양녕로 28길 25,상도4동 212-129 삼성특수학교,37.498419,126.945065,4,,3,1
520,교통행정과,어린이안전,어린이안전-32,노량진2동,장승배기로20길 20,노량진2동 225-36,37.508955,126.941132,4,,3,1
521,교통행정과,어린이안전,어린이안전-33,상도3동,성대로6길 10,상도3동 312-9 앞 교차로 벧엘유치원,37.498943,126.932647,3,,2,1
522,교통행정과,어린이안전,어린이안전-34,신대방2동,보라매로 19길 16-1,신대방2동 349-25 앞,37.497817,126.927106,3,,,3
523,교통행정과,어린이안전,어린이안전-35,사당3동,사당로23길 112,사당3동 170-3 양지어린이집,37.489839,126.972165,3,,,3
524,교통행정과,어린이안전,어린이안전-36,상도3동,성대로6가길 149,상도3동 378-9 앞 연꽃어린이집,37.493744,126.93621,3,,2,1
525,교통행정과,어린이안전,어린이안전-37,대방동,여의대방로36길 13,대방동 385-1 꿈나무어린이집,37.504731,126.92326,4,,3,1
526,교통행정과,어린이안전,어린이안전-38,흑석동,흑석동 257-144,흑석동 257-144,37.499093,126.959819,4,,,4
527,교통행정과,어린이안전,어린이안전-39,상도1동,양녕로36길 17,상도1동 159-221 상도어린이집,37.502263,126.946542,3,,2,1
528,교통행정과,어린이안전,어린이안전-40,상도1동,상도로58길 16,상도1동 135-9 상현초,37.49521,126.952323,3,,2,1
529,교통행정과,어린이안전,어린이안전-41,대방동,여의대방로24가길 22,대방동 416-4 사랑유치원,37.499266,126.920968,4,,3,1
530,교통행정과,어린이안전,어린이안전-42,신대방2동,여의대방로10길 59,신대방2동 711 보라매파크빌 후문앞 보도,37.495368,126.916485,4,,,4
531,교통행정과,어린이안전,어린이안전-43,대방동,등용로 86,대방동 17-22 영화초,37.508869,126.932289,4,,,4
532,교통행정과,어린이안전,어린이안전-44,노량진1동,만양로 26,노량진1동 324 건영아파트상가 현대부동산앞 보도 영본초,37.507113,126.948158,5,,,5
533,교통행정과,어린이안전,어린이안전-45,상도4동,장승배기로 13,상도4동 203-36 신상도초,37.49972,126.942926,4,,,4
534,교통행정과,어린이안전,어린이안전-46,상도1동,흑석로 27,상도1동 7-85 건너편 강남초,37.505047,126.953811,4,,,4
535,교통행정과,어린이안전,어린이안전-47,사당3동,사당로23길 112,사당3동 164-71 건너편 남성초,37.48702,126.974002,4,,,4
536,교통행정과,어린이안전,어린이안전-48,사당2동,동작대로39가길 83,사당2동 59-1 동작초등학교 곡각 동작초,37.494644,126.978288,4,,,4
537,교통행정과,어린이안전,어린이안전-49,흑석동,서달로 83,흑석동 329 우리유앤미아파트102동 관리사무소 담장 은로초,37.501121,126.960217,4,,,4
538,교통행정과,어린이안전,어린이안전-50,흑석동,서달로 153,흑석동 225-26 중대부속초,37.507383,126.961657,4,,,4
539,교통행정과,어린이안전,어린이안전-51,사당5동,사당로10길 102,사당5동 235-90 맞은편 도로변 보도 행림초,37.482005,126.966705,4,,,4
540,교통행정과,어린이안전,어린이안전-52,사당5동,사당로16마길 73,사당5동 240-3 행림초,37.48268,126.968357,3,,,3
541,교통행정과,어린이안전,어린이안전-53,흑석동,흑석로 115,흑석동 163-2 장수불고기앞 보도 흑석초,37.508826,126.961614,5,,,5
542,교통행정과,어린이안전,어린이안전-54,상도1동,상도로58길 4,상도1동 490-6 상현초,37.495769,126.953014,5,,,5
543,교통행정과,어린이안전,어린이안전-55,노량진1동,만양로3길 48,노량진1동 325-2 동아유치원,37.5084,126.943794,3,,,3
544,교통행정과,어린이안전,어린이안전-56,노량진2동,장승배기로16길 115,노량진2동 225-158,37.509811,126.942815,4,,,4
545,교통행정과,어린이안전,어린이안전-57,상도4동,양녕로26길 11,상도4동 211-16 상아유치원,37.497511,126.944096,4,,,4
546,교통행정과,어린이안전,어린이안전-58,상도4동,성대로21길 16,상도4동 244-225 승혜유치원,37.49876,126.937194,4,,,4
547,교통행정과,어린이안전,어린이안전-59,신대방1동,신대방11길 32,신대방1동 607-45 양문유치원,37.488586,126.907773,5,,,5
548,교통행정과,어린이안전,어린이안전-60,대방동,여의대방로44길 49,대방동 503-1 대방주공 2단지아파트 207동 앞 보도 열림유치원,37.509309,126.928249,3,,,3
549,교통행정과,어린이안전,어린이안전-61,신대방1동,여의대방로 56-9,신대방1동 492-199 보라매롯데낙천대아파트 107동 관리사무소 맞은편 요요유치원,37.495507,126.912822,3,,,3
550,교통행정과,어린이안전,어린이안전-62,상도2동,장승배기로5길 18,상도2동 204-124 성모유치원,37.501197,126.939972,3,,,3
551,교통행정과,어린이안전,어린이안전-63,상도4동,양녕로25길 71,상도4동 210-113 행복유치원,37.496117,126.940748,4,,,4
552,교통행정과,어린이안전,어린이안전-64,흑석동,흑석로 47,흑석동 204-141 중대부속유치원,37.5063,126.955139,3,,,3
553,교통행정과,어린이안전,어린이안전-65,상도1동,상도로41가길 15,상도1동 660-1 강남유치원,37.504064,126.950259,5,,,5
554,교통행정과,어린이안전,어린이안전-66,상도3동,국사봉1길 235-1,상도3동 산76-1 연꽃어린이집,37.493205,126.935794,3,,,3
555,교통행정과,어린이안전,어린이안전-67,대방동,여의대방로24길 113,대방동 407-40 은하어린이집,37.499211,126.926572,4,,,4
556,교통행정과,어린이안전,어린이안전-68,상도1동,매봉로2길 1,상도1동 505 예담어린이집,37.507212,126.951875,4,,,4
557,교통행정과,어린이안전,어린이안전-69,사당1동,동작대로17길 37,사당1동 1012-23 참사랑어린이집,37.482898,126.977601,4,,,4
558,교통행정과,어린이안전,어린이안전-70,흑석동,사당로4길 46,흑석동 252-45 맞은편 흑석어린이집,37.499871,126.961934,4,,,4
559,교통행정과,어린이안전,어린이안전-71,사당3동,동작대로17길 37,사당3동 1131 두산위브트레지움 102동 앞 문화어린이집,37.484974,126.972331,4,,,4
560,교통행정과,어린이안전,어린이안전-72,상도1동,상도로50길 36-1,상도1동 134-160 샛별유치원,37.497873,126.950281,2,,,2
561,교통행정과,어린이안전,어린이안전-73,흑석동,서달로12길 89-19,흑석동 54-236 큰별어린이집,37.504338,126.965251,3,,,3
562,교통행정과,어린이안전,어린이안전-74,사당5동,사당로8나길 1,사당5동 233-11 우리어린이집 ,37.483954,126.968404,3,,,3
563,교통행정과,어린이안전,어린이안전-75,상도4동,사당로8나길 1,상도4동 214-348 노벨어린이집,37.49711,126.9451,3,,,3
564,교통행정과,어린이안전,어린이안전-76,상도4동,성대로10길 27,상도4동 271,37.49666,126.935263,3,,,3
565,교통행정과,어린이안전,어린이안전-77,사당2동,동작대로35아길 32,사당2동 44-44,37.493531,126.978086,4,,,4
566,교통행정과,어린이안전,어린이안전-78,상도1동,상도로 47길 108 ,상도1동 486,37.504021,126.951765,3,,,3
567,교통행정과,어린이안전,어린이안전-79,노량진1동,장승배기로 160,노량진1동 51 노량진초 정문,37.511863,126.94026,3,,,3
568,교통행정과,어린이안전,어린이안전-80,대방동,여의대방로 256,대방동 500 성원아파트 102동 앞,37.508744,126.925275,3,,,3
569,교통행정과,어린이안전,어린이안전-81,대방동,알마타길 29,대방동 349-3,37.511181,126.928356,3,,,3
570,교통행정과,어린이안전,어린이안전-82,상도2동,장승배기로 4,상도2동 207-5,37.499131,126.943868,4,,,4
571,교통행정과,어린이안전,어린이안전-83,흑석동,서달로 112,흑석동 86-188,37.50363,126.960918,3,,,3
572,교통행정과,어린이안전,어린이안전-84,사당5동,사당로 138,사당5동 200-8,37.488387,126.966122,3,,,3
573,교통행정과,어린이안전,어린이안전-85,상도1동,상도로50길 33,상도1동 470-8 ※주정차-27번 지주대공용,37.497235,126.950306,3,,,3
574,교통행정과,어린이안전,어린이안전-86,상도4동,성대로12길 1,상도4동 263-8,37.497595,126.935228,4,,,4
575,교통행정과,어린이안전,어린이안전-87,흑석동,서달로2길 2,흑석동 257-62,37.499713,126.960759,3,,,3
576,교통행정과,어린이안전,어린이안전-88,흑석동,흑석한강로 11,흑석동 335-2  ※주정차-22번 지주대공용,37.505574,126.966237,3,,,3
577,교통행정과,어린이안전,어린이안전-89,사당1동,동작대로17길 20,사당1동 1004-45,37.482764,126.979523,4,,,4
578,교통행정과,어린이안전,어린이안전-90,대방동,여의대방로36길 79,대방동 15-46,37.507805,126.930239,3,,,3
579,교통행정과,어린이안전,어린이안전-91,상도1동,강남초등길 7,상도1동 501-2 강남초교병설유치원,37.506472,126.952123,4,,,4
580,교통행정과,어린이안전,어린이안전-92,사당3동,사당로17길 49,사당동 258-1 남성초교병설유치원,37.485401,126.973145,4,,,4
581,교통행정과,어린이안전,어린이안전-93,신대방1동,신대방2길 42,신대방동 625-14 문창초교병설유치원,37.488808,126.912433,5,,,5
582,교통행정과,어린이안전,어린이안전-94,상도4동,성대로 21길 2,상도동 244-291 상도초등학교,37.49814,126.937318,5,,,5
583,교통행정과,어린이안전,어린이안전-95,사당2동,동작대로41길 2,동작동 102-35 하랑숲유치원,37.495509,126.982475,3,,,3
584,교통행정과,어린이안전,어린이안전-96,대방동,여의대방로 46길 성원아파트 앞,대방동 344-20,37.510918,126.926585,4,,,4
585,교통행정과,어린이안전,어린이안전-97,대방동,대방동길 3 대림초등학교,대방동 394-1,37.500276,126.927725,3,,,3
586,교통행정과,어린이안전,어린이안전-98,상도4동,양녕로 170 노벨어린이집,상도동 530,37.497209,126.943953,4,,,4
587,교통행정과,어린이안전,어린이안전-99,상도1동,상도로56길 15,상도동 135-37 흐리목소공원 앞 상현초등학교,37.495468,126.951937,3,,,3
588,교통행정과,어린이안전,어린이안전-100,상도4동,양녕로 30길 24 삼성특수학교,상도동 211-419,37.499312,126.945516,4,,,4
589,교통행정과,어린이안전,어린이안전-101,노량진1동,만양로 19 신동아리버파크 앞 동아유치원,노량진동 325,37.50591,126.9412,4,,,4
590,교통행정과,어린이안전,어린이안전-102,노량진1동,만양로 8길 50 시현유치원,노량진동 323,37.508131,126.948243,3,,,3
591,교통행정과,어린이안전,어린이안전-103,대방동,등용로 66 앞 영화초등학교,대방동 11-29,37.50697,126.9323,4,,,4
592,교통행정과,어린이안전,어린이안전-104,노량진1동,매봉로 134,본동 481 LIG건영아파트 105동 앞 영본초등학교,37.509188,126.950764,4,,,4
593,교통행정과,어린이안전,어린이안전-105,상도2동,장승배기로 14 신상도 초등학교,상도동 산 65-59,37.501019,126.943881,3,,,3
594,교통행정과,어린이안전,어린이안전-106,사당2동,사당로23나길 27 삼일초등학교 앞,사당동 105-23,37.48819,126.975792,4,,,4
595,교통행정과,그린파킹,그린파킹-1,상도4동,양녕로29길 39,상도4동 203-19,37.499832,126.942026,2,,,2
596,교통행정과,그린파킹,그린파킹-2,상도4동,양녕로29길 22,상도4동 203-29,37.499499,126.942816,1,,,1
597,교통행정과,그린파킹,그린파킹-3,상도4동,양녕로26가길 4,상도4동 211-15,37.497895,126.94431,1,,,1
598,교통행정과,그린파킹,그린파킹-4,상도4동,양녕로26가길 4-7,상도4동 211-13,37.497701,126.945032,1,,,1
599,교통행정과,그린파킹,그린파킹-5,상도4동,양녕로22가길 60,상도4동 214-322,37.497701,126.945032,1,,,1
600,교통행정과,그린파킹,그린파킹-6,상도4동,양녕로20길 82,상도4동 214-87,37.49588,126.944588,1,,,1
601,교통행정과,그린파킹,그린파킹-7,상도4동,양녕로22길 21 ,상도4동 214-71,37.494186,126.944041,1,,,1
602,교통행정과,그린파킹,그린파킹-8,상도4동,양녕로22다길 1 ,상도4동 214-185,37.495605,126.945288,1,,,1
603,교통행정과,그린파킹,그린파킹-9,상도4동,양녕로22길 77 ,상도4동 214-402,37.495079,126.945765,1,,,1
604,교통행정과,그린파킹,그린파킹-10,상도4동,양녕로26나길 41,상도4동 214-363,37.496694,126.94631,1,,,1
605,교통행정과,그린파킹,그린파킹-11,상도4동,양녕로26나길 49,상도4동 214-412,37.496379,126.946503,1,,,1
606,교통행정과,그린파킹,그린파킹-12,상도4동,양녕로 22바길 26,상도4동 214-299,37.496013,126.94675,1,,,1
607,교통행정과,그린파킹,그린파킹-13,신대방1동,신대방1나길 46 ,신대방1동 686-23,37.486064,126.90677,4,,,4
608,교통행정과,그린파킹,그린파킹-14,신대방1동,신대방1나길 54,신대방1동 686-50,37.485983,126.906236,4,,,4
609,교통행정과,그린파킹,그린파킹-15,신대방1동,신대방13길 33,신대방1동 689-16,37.488216,126.908904,1,,,1
610,교통행정과,그린파킹,그린파킹-16,상도3동,국사봉길 71,상도3동 298-13,37.496623,126.930788,1,,,1
611,교통행정과,그린파킹,그린파킹-17,상도3동,국사봉8길 21,상도3동 299-83 ,37.49579,126.930356,1,,,1
612,교통행정과,그린파킹,그린파킹-18,상도3동,국사봉10길 32-1,상도3동 299-126 ,37.494684,126.931329,1,,,1
613,교통행정과,그린파킹,그린파킹-19,상도3동,국사봉길 87,상도3동 294-15,37.496047,126.931265,1,,,1
614,교통행정과,그린파킹,그린파킹-20,상도3동,국사봉길 98,상도3동 299-14,37.495718,126.93159,1,,,1
615,교통행정과,그린파킹,그린파킹-21,상도3동,국사봉12길 11,상도3동 299-16,37.49546,126.931899,1,,,1
616,교통행정과,그린파킹,그린파킹-22,상도3동,국사봉1가길 15,상도3동 288-12,37.495067,126.933216,1,,,1
617,교통행정과,그린파킹,그린파킹-23,사당1동,동작대로19길 39,사당1동 1004-40,37.483447,126.979552,4,,,4
618,교통행정과,그린파킹,그린파킹-24,사당1동,동작대로13길 18,사당1동 1010-1,37.482246,126.979573,4,,,4
619,교통행정과,그린파킹,그린파킹-25,사당1동,동작대로11길 42,사당1동 1017-28,37.481254,126.979416,4,,,4
620,교통행정과,그린파킹,그린파킹-26,사당1동,사당로26길 71,사당1동 1026-1,37.480654,126.978112,3,,,3
621,교통행정과,그린파킹,그린파킹-27,사당1동,사당로26길 48,사당1동 1016-46,37.481787,126.978081,5,,,5
622,교통행정과,그린파킹,그린파킹-28,사당1동,동작대로17길 33,사당1동 1012-40,37.482813,126.978243,5,,,5
623,교통행정과,그린파킹,그린파킹-29,사당1동,동작대로15길 84 ,사당1동 1012-5,37.482426,126.976858,4,,,4
624,교통행정과,그린파킹,그린파킹-30,사당1동,사당로22길 60 ,사당1동 426-17,37.480752,126.977,1,,,1
625,교통행정과,그린파킹,그린파킹-31,사당1동,동작대로11길 27,사당1동 1020-20,37.481237,126.980044,4,,,4
626,교통행정과,그린파킹,그린파킹-32,상도3동,국사봉7길 13,상도3동 303-18,37.497292,126.931186,1,,,1
627,교통행정과,그린파킹,그린파킹-33,상도3동,국사봉1길 122,상도3동 294-46,37.496269,126.932177,1,,,1
628,교통행정과,그린파킹,그린파킹-34,상도3동,국사봉8길 12,상도3동 299-59,37.496118,126.930349,1,,,1
629,교통행정과,그린파킹,그린파킹-35,사당3동,사당로23길 56,사당3동 708-610,37.4859,126.975479,3,,,3
630,교통행정과,그린파킹,그린파킹-36,사당4동,사당로16길 36-19 ,사당4동 277-1,37.4822,126.971877,3,,,3
631,교통행정과,그린파킹,그린파킹-37,사당4동,사당로16길 44 ,사당4동 275-39 ,37.481846,126.97253,3,,,3
632,교통행정과,그린파킹,그린파킹-38,사당4동,사당로16길 51-8,사당동 314-16,37.481251,126.972615,2,,,2
633,교통행정과,그린파킹,그린파킹-39,사당4동,사당로 20 나길58-14,사당4동 311-17,37.481098,126.972529,4,,,4
634,교통행정과,그린파킹,그린파킹-40,사당4동,사당로 20 나길 52-1,사당4동 314-9,37.481138,126.973252,4,,,4
635,교통행정과,그린파킹,그린파킹-41,사당1동,동작대로19길 53 ,사당1동 1004-13,37.483481,126.978592,3,,,3
636,교통행정과,그린파킹,그린파킹-42,사당1동,동작대로15길 26,사당1동 1009-23,37.482301,126.980086,4,,,4
637,교통행정과,그린파킹,그린파킹-43,사당1동,사당로30길 96,사당1동 1029-37,37.480552,126.980747,5,,,5
638,교통행정과,그린파킹,그린파킹-44,사당1동,동작대로13길 7,사당1동 1019-1,37.481688,126.980886,5,,,5
639,교통행정과,그린파킹,그린파킹-45,사당1동,동작대로17길 5,사당1동 1008-1,37.482727,126.98095,4,,,4
640,교통행정과,그린파킹,그린파킹-46,사당2동,동작대로27다길 26,사당2동 138-3,37.486047,126.980079,5,,,5
641,교통행정과,그린파킹,그린파킹-47,사당4동,사당로16길 131,사당4동 303-89,37.478158,126.970441,3,,,3
642,교통행정과,그린파킹,그린파킹-48,신대방1동,신대방14가길 60,신대방1동 632-9,37.489576,126.913815,2,,,2
643,교통행정과,그린파킹,그린파킹-49,신대방1동,신대방1가길 14,신대방1동 694-24,37.486806,126.909152,1,,,1
644,주차관리과,교통단속,주정차-1,흑석동,흑석로 105,흑석동 183-5  중대병원,37.507731,126.961094,1,,,1
645,주차관리과,교통단속,주정차-2,노량진1동,만양로 100,노량진1동 118-5  만양로 정진학원 앞,37.512463,126.94431,1,1,,
646,주차관리과,교통단속,주정차-3,노량진1동,만양로 79,노량진1동 224-1 만양로 강남교회 앞,37.51052,126.944596,1,1,,
647,주차관리과,교통단속,주정차-4,사당2동,동작대로27길 18,사당2동 132-6 사당2동 우성아파트 진입로,37.487577,126.98109,1,1,,
648,주차관리과,교통단속,주정차-5,상도4동,성대로 11,상도4동 248-17 성대시장 사거리,37.5,126.932403,1,1,,
649,주차관리과,교통단속,주정차-6,신대방2동,보라매로5가길 7,신대방2동 395-73 보라매캐릭터그린빌,37.491633,126.924697,1,1,,
650,주차관리과,교통단속,주정차-7,대방동,상도로 16,대방동 401-21 서울공고 정류장,37.49979,126.922451,1,1,,
651,주차관리과,교통단속,주정차-8,노량진1동,노들로 734,노량진1동 2-3 노량진수산시장,37.515579,126.940545,1,1,,
652,주차관리과,교통단속,주정차-9,사당3동,사당로 243,사당3동 708-413 남성지구대 사거리,37.483275,126.974561,1,1,,
653,주차관리과,교통단속,주정차-10,흑석동,서달로 166,흑석동 97-1,37.507985,126.963004,1,,,1
654,주차관리과,교통단속,주정차-11,대방동,여의대방로 250,대방동 501,37.509074,126.924102,1,1,,
655,주차관리과,교통단속,주정차-12,노량진1동,만양로43,노량진1동 217-41,37.508084,126.947319,1,,,1
656,주차관리과,교통단속,주정차-13,흑석동,서달로 144,흑석동 86-117 중대부초,37.506184,126.961212,1,1,,
657,주차관리과,교통단속,주정차-14,신대방1동,여의대방로10길 24,신대방1동 492-200 대방중학교,37.494827,126.914635,1,,,1
658,주차관리과,교통단속,주정차-15,신대방2동,보라매로5길 20,신대방2동 425 보라매병원,37.493077,126.923247,1,,,1
659,주차관리과,교통단속,주정차-16,사당3동,사당로 283,사당3동 150-10 이수역 10번 출구,37.484313,126.978879,1,1,,
660,주차관리과,교통단속,주정차-17,대방동,보라매로 113,대방동 405-11 신대방삼거리역,37.499645,126.928122,1,1,,
661,주차관리과,교통단속,주정차-18,상도1동,매봉로 59,상도1동 590-1,37.507354,126.951477,1,1,,
662,주차관리과,교통단속,주정차-19,사당2동,동작대로 29길 69,사당2동 120-4 두성상가 앞,37.488698,126.978391,1,1,,
663,주차관리과,교통단속,주정차-20,상도1동,상도로 348,상도1동 475 현대엠코 진입로,37.497427,126.952497,1,1,,
664,주차관리과,교통단속,주정차-21,신대방1동,신대방1가길 51,신대방1동 695 성원쌍떼빌 뒤길,37.486643,126.907536,1,1,,
665,주차관리과,교통단속,주정차-22,흑석동,흑석한강로13,흑석동 39-10 흑석동주민센터 ,37.505574,126.966237,1,1,,
666,주차관리과,교통단속,주정차-23,사당1동,남부순환로271길 14,사당1동 1041-11 사당노인종합복지관 주변,37.477318,126.980043,1,1,,
667,주차관리과,교통단속,주정차-24,대방동,여의대방로62길 14,대방동 101-5  방범-35 같이,37.513898,126.927943,1,1,,
668,주차관리과,교통단속,주정차-25,상도2동,상도로 31길 19 ,상도2동 527,37.505252,126.944259,1,,,1
669,주차관리과,교통단속,주정차-26,상도2동,장승배기로 4길 9 ,상도2동 521,37.501251,126.941242,1,,,1
670,주차관리과,교통단속,주정차-27,상도1동,상도로 50길 33 ,상도1동 470-8 ,37.497235,126.950306,1,,,1
671,주차관리과,교통단속,주정차-28,사당1동,사당로 300 ,사당1동 147-29,37.484234,126.980954,1,,,1
672,주차관리과,교통단속,주정차-29,대방동,여의대방로 54길 12 ,대방동 344-10,37.511935,126.926338,1,,,1
673,주차관리과,교통단속,주정차-30,노량진2동,노들로 674 노량진수산시장,노량진2동 13-6   ,37.514706,126.935908,1,,,1
674,주차관리과,교통단속,주정차-31,노량진2동,노들로 674 노량진수산시장,노량진2동 13-6   ,37.515498,126.939487,1,,,1
675,주차관리과,교통단속,주정차-32,상도2동,상도로15길 120,상도2동 365-7호,37.504629,126.937407,1,,,1
676,주차관리과,교통단속,주정차-33,사당4동,사당로16길 35,사당4동 316-4 농협앞,37.481846,126.97253,1,,,1
677,주차관리과,교통단속,주정차-34,신대방2동,여의대방로22길 77,신대방2동 361-2,37.497801,126.924036,1,,,1
678,주차관리과,교통단속,주정차-35,사당3동,사당로23길 112 이수역로이파크 아파트 정문,사당동 167-19,37.48802,126.972802,1,,,1
679,주차관리과,교통단속,주정차-36,사당3동,사당로23길 112 이수역로이파크 아파트 후문,사당동 167-19,37.488866,126.973659,1,,,1
680,주차관리과,교통단속,주정차-37,상도2동,만양로 3,상도동 36-38 상도노빌리티 출입구 ,37.50521,126.946634,1,,,1
681,주차관리과,교통단속,주정차-38,상도2동,상도로 259,상도동 34-21 상도노빌리티 성당 앞 ,37.504028,126.947027,1,,,1
682,주차관리과,교통단속,주정차-39,흑석동,현충로 52,흑석동 173-8 아크로리버하임 107동 앞,37.509961,126.960359,1,,,1
683,주차관리과,교통단속,주정차-40,흑석동,흑석로13길 9,흑석동 169-28 아크로리버하임 104동 앞,37.509137,126.960792,1,,,1
684,주차관리과,교통단속,주정차-41,흑석동,서달로 124,흑석동 86-208 롯데캐슬 에듀포레 출입구,37.504668,126.960846,1,,,1
685,청소행정과,무단투기,무단투기-1,노량진1동,노량진로14길 33,노량진1동 83-10,37.512018,126.942696,1,1,,
686,청소행정과,무단투기,무단투기-2,노량진2동,노량진로6길 63,노량진2동 289-90,37.510348,126.936232,1,1,,
687,청소행정과,무단투기,무단투기-3,상도1동,상도로47길 54,상도1동 333-13,37.501698,126.952039,1,1,,
688,청소행정과,무단투기,무단투기-4,상도2동,상도로15길112,상도동 359-5,37.50455,126.936969,1,1,,
689,청소행정과,무단투기,무단투기-5,상도3동,성대로6나길 21,상도3동 307-12,37.497933,126.931622,1,1,,
690,청소행정과,무단투기,무단투기-6,상도4동,양녕로25길 12,상도4동 210-254,37.498269,126.943105,1,1,,
691,청소행정과,무단투기,무단투기-7,흑석동,서달로12나길 2-5,흑석동 55-3,37.506619,126.963129,1,1,,
692,청소행정과,무단투기,무단투기-8,사당1동,동작대로 19,사당1동 1042-1,37.47831,126.980704,1,1,,
693,청소행정과,무단투기,무단투기-9,사당2동,동작대로35길 99,사당동 57-19,,,1,1,,
694,청소행정과,무단투기,무단투기-10,사당3동,사당로23길 242,사당3동 708-926,37.492304,126.968768,1,1,,
695,청소행정과,무단투기,무단투기-11,사당4동,사당로16길 28,사당4동 277-39,37.481764,126.971333,1,1,,
696,청소행정과,무단투기,무단투기-12,사당5동,사당로16다길 95,사당동 230-9,37.484487,126.968227,1,1,,
697,청소행정과,무단투기,무단투기-13,대방동,대방동1길 29,대방동 396-16,37.500281,126.924468,1,1,,
698,청소행정과,무단투기,무단투기-14,신대방1동,신대방2길 52,신대방1동 600-37,37.488921,126.911988,1,1,,
699,청소행정과,무단투기,무단투기-15,신대방2동,국사봉길 22,신대방2동 338-23,37.498186,126.929257,1,1,,
700,청소행정과,무단투기,무단투기-16,흑석동,서달로13길 17,흑석동 181-23,37.508439,126.961992,1,,,1
701,청소행정과,무단투기,무단투기-17,노량진2동,노량진로 6길 53앞,노량진2동 284-48 청수탕앞,37.510482,126.936053,1,,,1
702,청소행정과,무단투기,무단투기-18,흑석동,현충로 106길 ,흑석동 9-787,37.50727,126.965214,1,,,1
703,청소행정과,무단투기,무단투기-19,흑석동,현충로 10길 91 앞,흑석동 281-4,37.504431,126.969343,1,,,1
704,치수과,시설관리,시설물-001,흑석동,서달로 175,흑석동 103-2 흑석빗물펌프장 외수문,37.508277,126.963078,10,,,10
705,치수과,시설관리,시설물-002,노량진1동,노량진로23가길 20,본동 260-12 본동빗물펌프장 입구,37.515045,126.951035,4,,,4
706,치수과,시설관리,시설물-003,노량진1동,노량진로17길 44,노량진동 13-17 노량진빗물펌프장 외수위,37.51617,126.944121,9,,,9
707,치수과,시설관리,시설물-004,대방동,노들로 618,대방동 82-10 대방빗물펌프장 구제진기,37.514322,126.93069,9,9,,
708,치수과,시설관리,시설물-005,신대방1동,신대방1길 109,신대방1동 702-4 신대방빗물펌프장 1수문,37.485576,126.906977,5,,,5
709,치수과,시설관리,시설물-006,신대방1동,신대방2길 12,신대방1동 643-2 보라매빗물펌프장 운영실,37.487969,126.913309,2,,,2
710,도로관리과,시설관리,시설물-007,대방동,노량진로 20-2,대방동 340 대방지하보도 ,37.513328,126.926876,6,6,,
711,교육문화과,시설관리,시설물-008,노량진1동,노량진로32길 14-7 용양봉저정,사당동 1042-19,37.512856,126.955792,5,,,5
712,도로관리과,시설관리,시설물-009,상도1동,상도로53길 39,상도동 433 실로암교회 옆 엘리베이터,37.500576,126.953525,1,,,1
713,도로관리과,시설관리,시설물-011,상도2동,양녕로36길 13 ,상도동 159-330 상도지하차도 내,37.502252,126.94628,8,,,8
714,치수과,치수관리,재난-001,사당1동,동작대로 9,사당1동 1042-22,37.477315,126.981602,1,,,1
715,치수과,치수관리,재난-002,신대방1동,신대방1길 109,신대방동 702-4 구로교 입구,37.484968,126.905829,1,,,1
716,치수과,치수관리,재난-003,신대방1동,신대방2길 14,신대방동 640 도림천 신대방역 3번 출구,37.486954,126.912032,1,,,1
717,치수과,치수관리,재난-004,신대방1동,신대방2길 14,신대방동 640 도림천 보라매공원 남문,37.489106,126.915488,1,,,1
718,치수과,치수관리,재난-005,신대방2동,여의대방로20길 33,신대방동 395 도림천 서울시립남부 장애인복지관 앞,37.489675,126.916806,1,,,1
